time,1000.0,2000.0,3000.0,5000.0,7000.0,10000.0,12500.0,15000.0,17500.0,20000.0,22500.0,25000.0,30000.0,35000.0,40000.0,45000.0,50000.0,55000.0,60000.0,65000.0,70000.0,75000.0,77500.0,80000.0,82500.0,85000.0,87500.0,90000.0,92500.0,95000.0,97500.0,100000.0
2023-03-02 18:00:00,360.42188,85.046394,71.76689,87.73678,29.594776,56.20417,153.17545,326.22333,417.14478,307.08542,169.59857,100.255264,89.49196,45.406586,24.484789,18.930946,35.536148,63.039925,60.600952,39.452442,24.538513,19.990368,17.506374,14.764525,9.742029,7.6602716,9.750972,14.060956,18.324614,23.002075,23.22809,21.418974
2023-03-02 21:00:00,348.61246,79.95113,69.320915,83.25443,31.565928,65.61011,194.53409,384.36417,493.42795,352.84906,191.20065,99.822876,83.64863,44.92701,23.22744,16.47835,38.088795,61.768627,55.956432,31.50966,17.951605,14.676302,14.19711,12.412575,6.7322474,4.363973,6.480899,10.801428,15.52076,20.240107,20.794914,19.167933
2023-03-03 00:00:00,441.2641,74.89211,68.88111,74.67562,48.277245,63.800667,255.29793,453.6404,535.4601,378.61133,202.05157,97.367195,71.51783,37.98979,24.385252,12.777668,45.92833,65.55166,54.41541,32.102287,12.991614,10.4636545,11.544635,10.629319,5.259394,4.384751,9.141537,16.111311,22.588484,28.824678,29.143805,26.65451
2023-03-03 03:00:00,565.2683,78.235535,67.659424,80.74056,53.226486,64.03872,260.45718,459.03113,545.86926,370.91898,185.29234,79.48449,52.011463,35.950413,29.250637,16.61492,45.770893,67.12627,56.007828,31.881676,11.192054,8.656138,10.371863,9.975206,4.917776,4.174893,8.575972,15.807228,23.241152,29.95004,31.258389,28.78013
2023-03-03 06:00:00,597.0224,75.00234,74.42042,103.48558,44.64056,73.26628,287.02478,459.2272,550.9522,375.33932,180.69585,69.554115,38.166214,30.612413,28.93515,17.183641,42.507427,64.09907,54.410282,29.457886,9.813587,8.734374,11.004745,10.784226,5.29631,3.9417844,7.24347,13.075586,19.448336,25.66584,27.207273,25.214329
2023-03-03 09:00:00,553.0615,75.39867,89.30886,122.656906,28.354282,82.6228,311.90744,447.37857,531.56256,368.93704,183.15529,72.79034,24.63174,20.47144,25.824509,15.803004,35.34584,58.466213,51.237244,28.29036,9.61339,9.704685,12.3678875,11.586568,5.3030057,3.9984384,6.9631124,12.075294,17.80035,23.891386,25.624426,23.616125
2023-03-03 12:00:00,529.06067,77.71512,97.06759,113.86467,25.099241,75.12138,253.22906,456.53677,581.89465,404.70416,202.74707,83.573555,28.456884,22.940037,41.32087,23.638247,38.70014,70.61453,63.23584,39.21946,15.43687,9.9174795,11.000214,9.493649,5.343075,5.774276,9.227428,14.303675,19.679756,25.331703,27.754494,25.499605
2023-03-03 15:00:00,549.0562,75.876144,88.235115,94.56698,25.794722,60.158344,213.79852,418.9117,537.64825,361.78854,200.84187,85.05721,19.03267,25.093927,46.380898,26.7647,41.320915,76.891495,70.88116,45.36595,18.985615,10.661734,11.110373,9.948389,5.577546,5.2144823,8.96772,14.6639595,20.580528,25.906895,27.7252,25.559513
2023-03-03 18:00:00,489.12228,72.62889,64.862976,85.74461,29.032507,66.09308,207.21666,452.92117,533.8791,343.2912,200.54523,93.60025,13.045944,24.393866,50.345623,27.710245,40.76536,74.78383,68.31084,42.891396,19.006176,10.876242,10.660604,8.644672,4.5149746,3.8297038,6.6583,11.958942,17.41759,22.33975,23.4185,21.684933
2023-03-03 21:00:00,402.90695,74.48392,50.11012,68.08233,32.876354,77.82094,230.17198,519.96686,513.821,319.0919,197.33269,104.74582,11.070977,26.013393,53.66351,26.130291,36.82267,68.09843,61.17778,37.95333,18.486416,11.7009115,11.850324,10.466256,6.0926085,4.5093293,6.3925676,10.893768,16.164476,21.838188,22.52364,20.622902
2023-03-04 00:00:00,452.81958,100.38586,47.01013,49.822144,40.18429,97.4438,259.96875,586.4703,418.80676,244.84787,163.53078,102.071365,20.071127,38.678177,65.947266,27.733545,44.646534,61.722294,45.50762,28.144258,17.033216,12.165074,12.610991,12.990444,9.339526,7.568322,10.344321,16.885063,25.022776,31.71467,31.510508,28.787014
2023-03-04 03:00:00,547.69293,119.69451,59.80694,45.711773,49.844234,115.05691,269.24567,580.14215,363.91757,193.0022,128.23799,78.377106,25.378777,52.88508,71.43555,30.168278,47.53134,64.82704,48.08676,29.977365,17.67377,11.078796,11.581679,12.135722,8.827271,7.832629,11.187338,18.410505,27.373451,34.925846,35.47731,32.511765
2023-03-04 06:00:00,601.49585,110.694016,76.40555,47.189556,52.90696,136.99481,283.1945,555.6155,332.89545,168.2975,108.050514,63.523342,36.93515,70.483246,76.987015,29.084972,42.953533,59.93723,44.183163,26.269657,13.610573,8.830044,9.18461,9.248436,6.022016,5.3584566,8.001788,14.171454,22.005142,29.017351,30.10222,27.41946
2023-03-04 09:00:00,573.4026,108.523346,81.58201,55.05189,44.257812,151.63846,292.60245,557.4059,353.9614,167.44734,95.19096,54.14594,46.881783,76.04404,77.544525,28.108881,36.786194,53.777378,41.129692,22.325247,10.3325405,7.3609347,7.994297,7.086048,4.1873755,3.7128286,5.6560707,10.385156,16.77302,23.683228,25.22137,23.042084
2023-03-04 12:00:00,570.02435,120.500854,77.5994,67.71289,55.434967,176.30328,296.30487,519.3508,410.0522,205.16399,98.56095,51.21396,47.01707,89.751114,80.35896,25.74926,39.445427,60.299004,46.350994,26.808874,10.875581,4.729786,4.862291,4.848702,3.1985476,3.4385126,5.9221354,11.130787,17.918798,25.098202,26.891836,24.720232
2023-03-04 15:00:00,609.07245,128.82619,68.91221,71.01296,63.19301,183.97684,294.20703,478.46582,403.21982,211.37915,93.51118,47.31798,56.039803,107.484314,83.340866,27.787346,42.27625,63.46045,50.864487,30.367756,12.945786,4.8533173,4.464871,4.8622413,2.8357358,2.3606055,4.889364,10.343561,16.86688,22.943108,24.453424,22.706272
2023-03-04 18:00:00,614.80743,109.08903,59.17225,65.50855,68.54782,189.26262,317.16324,480.77985,402.41632,226.34476,97.104324,48.512398,66.90847,115.69622,76.480774,26.782175,40.672253,58.043274,46.977043,28.490652,12.111253,5.315431,5.944991,7.817224,5.158291,3.295355,5.1110435,9.72996,15.768488,20.942951,21.690763,20.217356
2023-03-04 21:00:00,547.60986,78.73071,52.071884,60.96195,71.86783,186.63014,338.3439,479.06708,390.7231,234.7975,106.2265,49.024887,76.102234,115.36913,64.39239,24.403008,36.13948,49.17597,40.81255,25.234457,10.722598,5.646031,7.447916,10.64973,7.4448304,5.026599,6.5016904,11.061734,16.95124,21.77511,22.143515,20.477468
2023-03-05 00:00:00,544.7893,68.50235,47.92774,52.031357,67.35274,203.52475,389.5321,508.55804,392.51285,251.67801,129.19295,62.80845,84.50913,115.95027,58.09532,21.766617,41.925922,62.927814,48.215233,29.174831,12.69869,9.542726,11.097411,12.387593,7.7583256,4.7452226,6.512237,11.7997055,19.166597,24.91314,25.121813,23.119843
2023-03-05 03:00:00,546.34985,86.23062,37.74411,50.488346,83.00895,185.96057,364.97055,462.62378,358.9936,239.17017,130.96938,63.98798,92.647224,115.71832,52.64801,26.861963,47.919758,66.04095,50.42922,30.670513,13.300329,9.375671,11.366325,11.521811,6.136426,4.5804176,6.9094915,12.723466,21.149765,28.668367,29.343203,26.738585
2023-03-05 06:00:00,535.5455,92.94553,37.806515,41.84095,82.96512,182.13208,378.05765,475.71564,354.37546,232.66829,130.35202,67.413895,99.71129,105.20324,40.570984,29.901857,48.734604,62.92721,49.004227,27.926075,12.477953,10.506198,13.094646,12.160803,7.0755157,5.222576,6.394445,11.135382,18.368832,25.373295,26.48386,24.18491
2023-03-05 09:00:00,521.429,92.64912,46.96766,35.817516,83.157616,174.12424,380.44907,486.24512,338.60425,207.21274,119.89582,70.53412,103.25268,87.60583,31.290417,31.887527,48.37108,56.957783,45.598534,25.117414,10.726246,11.039965,14.501432,14.040046,8.475714,6.1587043,6.1902947,9.636475,15.500042,21.494709,22.562893,20.5988
2023-03-05 12:00:00,500.30917,80.57349,57.380054,41.59416,89.75525,148.14774,356.3338,461.04395,334.4433,195.14162,100.42019,67.87964,90.56447,67.11014,25.88491,37.938286,49.8119,48.870697,39.407322,25.445751,10.987974,8.159064,10.280999,11.711157,8.137472,5.205684,5.28774,8.869147,14.342961,20.56068,21.524443,20.00309
2023-03-05 18:00:00,533.76917,54.023777,53.593433,61.12876,115.07404,102.533646,274.08664,379.0471,279.70328,182.88745,98.02478,70.520836,89.949646,53.735798,23.460669,43.06736,50.918396,50.083717,38.28535,21.51072,9.886226,10.145177,13.661174,17.634497,14.48239,8.382637,6.2743554,8.618051,12.888213,18.10028,18.505634,17.345913
2023-03-05 21:00:00,440.43066,54.710106,46.490395,61.029263,117.10814,95.83474,276.0141,349.1593,256.43243,181.55182,104.59472,68.03029,83.384,42.463894,19.512753,42.157433,49.088886,48.84128,33.06188,14.869084,7.607485,12.645984,17.431799,21.958796,16.615576,10.072923,7.999211,9.592238,13.548112,18.06236,18.13656,16.816156
2023-03-06 00:00:00,459.549,71.23093,40.418568,61.351295,134.43304,103.08802,288.30206,301.64474,196.15532,134.78554,108.32637,81.89041,64.8587,31.554148,18.492355,39.873547,54.110405,58.26034,35.770645,14.258454,8.388105,15.51585,19.354002,21.904966,15.679113,9.09244,7.713138,11.130481,17.241655,23.10118,23.343393,21.563461
2023-03-06 03:00:00,530.328,110.5691,39.277348,55.050007,143.36694,90.4685,304.48364,276.82538,162.01555,108.11169,93.96073,81.0016,59.53042,30.695534,24.659061,46.80425,56.799824,59.274048,36.888466,12.628565,7.243756,13.263546,16.597012,17.872814,11.575784,6.9674654,7.2078805,11.134843,17.921019,24.547098,25.732939,23.665108
2023-03-06 06:00:00,590.6171,125.51789,46.013557,36.240654,136.52798,81.82459,330.13885,272.80014,149.59795,101.62043,88.652466,82.34421,61.53699,31.409988,26.684814,45.923,51.80619,51.160778,31.675722,10.482803,7.4477468,14.024664,17.239016,16.911814,10.441484,6.5959663,7.019111,10.200494,15.910246,21.812813,23.593945,21.74438
2023-03-06 09:00:00,621.2313,116.68135,46.957745,33.07962,113.388435,84.14599,373.79324,277.54276,145.06708,104.39914,90.944374,82.3018,61.86452,30.788338,23.098866,38.90113,44.553116,42.510555,27.782404,9.554111,7.6952333,14.693403,17.570177,16.274714,10.114551,7.4383907,7.05934,8.935304,13.496003,18.668795,20.593046,18.942684
2023-03-06 12:00:00,630.1233,110.4022,50.500816,46.21263,119.25503,63.917534,347.33282,230.75047,111.406204,89.53166,83.78054,75.196205,47.559765,28.200432,18.718964,36.68315,38.22707,37.554302,28.38143,13.411043,7.934193,14.566285,15.645589,13.545459,8.837678,6.43349,6.6074862,9.246113,14.363225,20.425135,21.496857,19.935825
2023-03-06 15:00:00,713.22284,104.117836,46.65152,58.683075,134.6193,50.306793,322.25208,233.22926,128.33142,96.71617,82.23687,76.740036,51.301037,33.254562,23.560219,38.37113,39.639656,40.476376,29.501364,13.950039,7.4316387,12.3703785,14.003584,13.175658,9.813219,6.922815,6.8140903,9.105404,13.595999,18.505476,19.677345,18.453836
2023-03-06 18:00:00,701.80316,94.6236,40.65175,67.19302,158.44444,35.89681,306.20636,241.77148,145.91843,107.35163,82.79767,77.705246,54.92707,34.43186,25.25007,34.059563,36.32776,36.545273,26.367691,11.886853,8.62396,14.518493,16.112793,15.655506,13.062477,9.519693,8.013893,9.019094,12.250724,15.408903,15.893988,14.9474535
2023-03-06 21:00:00,598.5651,84.06137,39.35365,61.249832,170.73953,23.05808,291.4018,239.95522,151.65904,108.35439,82.661804,73.686844,52.518604,29.882387,23.764954,27.02352,29.957823,30.883318,23.728176,13.081022,13.224138,20.143654,22.309668,22.681253,18.842154,13.485354,10.944692,11.241305,13.78498,16.12165,16.225737,15.024529
2023-03-07 00:00:00,575.0236,104.5708,47.72467,49.546913,180.33832,18.007246,291.13766,345.82483,248.25964,127.17621,77.56713,60.62082,48.430996,34.496445,29.3585,31.974176,41.49973,40.385586,34.593,21.827225,13.0169115,19.45183,25.766985,28.730515,24.126785,18.532078,16.540451,17.715292,20.887877,23.438608,22.612553,20.666986
2023-03-07 03:00:00,644.16187,118.89162,65.83973,43.69008,182.70027,21.435858,247.85571,306.45966,193.0486,107.36502,74.28433,60.085754,42.53825,31.703827,29.520132,29.72341,38.816975,37.48266,34.725555,23.63755,12.9353075,17.091696,22.77342,25.26215,21.194004,16.234901,14.343055,15.873186,19.711294,23.614662,23.841429,21.65424
2023-03-07 06:00:00,686.6364,111.88508,84.739044,48.88842,165.87547,28.297277,241.77502,281.69577,146.43906,84.03183,66.65114,53.838776,37.533157,28.298275,26.366257,24.831484,30.209076,30.502771,29.927982,19.354622,10.546828,17.058704,22.421398,24.088194,19.943136,15.218456,12.456077,12.998128,16.485212,20.97758,21.677355,19.57428
2023-03-07 09:00:00,755.6948,90.043236,92.21428,58.30786,136.48729,30.237093,248.9668,245.91571,112.86432,68.172035,57.09586,43.726566,31.2031,24.104956,20.629778,18.04888,21.826271,24.09996,25.48149,15.814863,10.719737,21.004425,25.630377,26.23111,21.443592,15.911244,12.66033,12.442566,15.334965,19.752735,20.66783,18.716633
2023-03-07 12:00:00,796.9745,70.717606,101.376015,70.874054,131.32341,37.415718,215.97786,205.40048,88.73407,55.287693,49.92925,31.560677,26.268322,25.65038,30.383272,26.054161,26.387592,23.822279,18.430326,9.765242,11.413423,26.595345,30.479723,29.870077,24.852814,19.899097,16.384974,15.434037,17.474684,21.24318,21.456131,19.40333
2023-03-07 15:00:00,917.7381,63.99919,95.263176,76.72596,143.40186,37.882275,172.78853,165.29489,74.52629,49.19782,50.062077,35.081894,28.6432,33.062828,34.386925,25.877243,23.33087,23.327503,19.232683,10.1707735,9.564937,23.898182,28.74392,29.017561,23.43476,17.301407,14.316857,13.985381,16.266077,20.145382,20.568068,18.991898
2023-03-07 18:00:00,938.4033,65.14556,59.825542,67.42468,141.68486,34.70051,98.60319,102.84423,67.086266,59.996708,61.989258,45.376236,29.38519,35.360134,30.63447,18.336987,15.800867,18.531404,15.573505,8.120062,7.7105665,20.196384,25.08144,26.701138,23.225124,17.03251,13.219942,12.398475,14.305459,17.051535,17.495274,16.395422
2023-03-07 21:00:00,790.3597,68.36965,51.82626,58.046555,144.48666,31.206438,73.751144,76.11588,59.21108,60.864258,58.58683,46.163284,31.625853,32.579834,23.860102,14.719149,12.679814,15.868432,12.809168,7.3115587,11.488736,25.939348,31.215826,32.598446,28.096935,21.180227,16.313593,14.667942,16.27777,18.51275,18.674623,17.09286
2023-03-08 00:00:00,660.7981,75.73952,92.28326,64.982376,143.84035,24.774523,65.40888,74.72075,50.78152,58.000042,58.783695,46.662136,37.32754,47.55297,32.35075,19.124285,13.063651,14.01456,9.97399,4.3602686,8.191901,20.855717,26.74379,29.379223,24.964962,18.139376,13.337623,11.607536,12.921753,15.041805,15.531723,13.980125
2023-03-08 03:00:00,676.00684,83.32122,108.24229,61.624043,148.37288,25.625893,38.62891,52.167557,44.152084,62.94132,68.932724,57.283978,45.544415,51.310734,36.816467,23.68954,16.962683,17.692335,11.417691,4.754954,7.2811704,17.568712,22.141653,23.821812,20.66226,15.63939,11.925513,10.904896,13.062164,16.34556,17.638168,15.83409
2023-03-08 06:00:00,692.62555,82.41225,129.69499,62.04209,119.447975,24.592419,28.276714,38.06319,46.14116,64.74392,68.39443,60.266304,47.10043,46.920734,32.771294,20.773981,15.849123,16.816101,9.847914,4.017129,6.107304,15.591609,19.80971,21.289507,18.353437,14.543998,10.983155,9.563223,11.184247,14.444531,16.008108,14.193133
2023-03-08 09:00:00,649.84906,78.22864,134.58788,71.84348,86.53801,19.541586,22.061155,31.575205,44.667686,54.712105,57.648415,52.737602,42.220356,39.5929,26.897608,17.41465,15.489524,17.141386,9.551037,4.5542965,6.790538,16.415834,20.101028,21.098022,18.569355,15.215027,11.505703,9.966305,11.067909,13.754356,15.108274,13.393188
2023-03-08 12:00:00,585.33777,80.42384,126.065186,93.198296,91.18797,25.244352,24.304146,37.509506,42.025967,48.891552,52.14738,46.619896,42.330555,44.302208,27.146177,12.913426,11.109601,14.593664,9.8126745,6.934896,8.152141,14.124612,16.763906,16.259756,13.574673,11.059108,9.243135,9.663914,12.223205,15.118071,15.644481,14.193838
2023-03-08 15:00:00,581.5168,97.7258,98.83504,89.685326,106.97141,34.687923,27.603123,62.590336,61.58479,58.198982,55.962475,48.576576,47.030735,46.90352,29.060404,15.2367525,13.723123,16.6671,11.308955,7.071542,7.652316,12.437294,13.811237,13.144203,11.444578,9.30283,7.4799333,7.7422247,9.98673,12.545875,13.494121,12.363295
2023-03-08 18:00:00,535.60693,111.11784,79.73331,87.30765,115.93624,46.652588,36.139984,81.06535,72.42185,59.72569,59.184677,52.122574,47.19401,46.62318,28.014746,14.871837,14.756636,17.620096,12.665315,8.665744,11.699605,17.60332,18.655499,17.99485,15.970455,13.083782,10.711589,10.25243,11.490191,13.158541,13.506626,12.074973
2023-03-08 21:00:00,487.83377,111.26551,74.626305,86.64694,127.248795,53.43278,56.282192,119.58769,89.211975,60.097633,57.58812,53.14028,45.760612,44.310154,24.12586,14.137922,15.411839,17.844444,14.251771,11.936144,17.21501,23.609198,24.624794,23.700317,21.122913,18.071218,15.794451,15.24429,16.17679,17.375935,17.256014,15.256151
2023-03-09 00:00:00,477.73392,102.59889,58.573643,87.40631,152.26427,56.37936,61.36546,99.98801,80.95103,75.01738,64.24189,52.279602,42.897717,52.597218,27.003645,19.129984,17.305054,18.026625,18.34089,18.510975,21.264893,27.370262,28.533339,27.985415,25.116354,21.16022,19.270472,20.094587,22.29852,24.566095,24.48712,22.023022
2023-03-09 03:00:00,530.37585,93.54154,55.998238,109.31436,134.65715,67.28555,89.06196,138.28038,100.96506,83.51686,71.23384,58.774437,50.473362,60.07996,33.667553,25.316372,19.684595,17.920538,18.366127,18.084114,19.671059,24.91088,26.861954,27.777248,25.395,21.758255,20.485357,21.491703,23.936607,26.948282,27.980463,24.779043
2023-03-09 06:00:00,566.1073,84.86342,55.710075,123.48259,102.86159,65.26837,110.16898,160.84676,108.659424,77.88165,63.32781,52.258106,49.185505,56.309704,34.904434,28.856264,20.60369,18.744432,17.111996,15.674753,17.335655,23.014952,26.44955,27.778627,25.191637,22.3583,20.60936,21.043764,23.22068,25.727448,26.85367,23.896667
2023-03-09 09:00:00,543.15015,75.99932,63.6547,146.47949,68.383835,49.7547,117.5044,160.94519,98.96554,62.998272,51.158607,44.477264,46.323936,49.56586,34.577774,27.343485,18.988523,19.688805,15.905376,14.419699,17.31278,24.152735,28.03957,28.76851,26.804543,24.114101,21.9293,21.55628,22.488718,23.792868,24.193094,21.3154
2023-03-09 12:00:00,590.02374,78.67196,79.68163,142.28876,70.56612,49.605953,146.12938,182.59714,104.025734,68.10458,49.364567,37.232243,44.718246,47.957413,38.64206,33.484615,18.27056,18.868671,15.373036,11.3479185,11.885453,15.604062,18.82168,20.507452,20.254072,19.449978,19.780416,21.622026,24.364483,26.745935,27.242334,24.96509
2023-03-09 15:00:00,670.17316,83.60326,79.37755,128.0973,81.11679,56.41882,166.48334,208.63528,117.842,75.565384,55.003258,45.06832,54.066544,54.181786,46.55025,40.884193,22.373934,19.692892,16.63142,10.707824,10.489543,15.18379,18.568,20.348778,20.441126,19.80556,20.154446,22.264217,24.58751,26.627892,27.387873,24.950403
2023-03-09 18:00:00,648.2434,89.07871,66.6294,121.81608,76.347626,57.976017,178.57933,227.96913,132.19286,84.42453,60.81312,51.194218,60.944298,57.716564,48.210983,40.526375,21.295584,17.365366,16.124016,12.983548,13.784241,22.139006,25.942408,27.230988,26.450708,24.850332,23.857143,24.597586,25.121548,26.059675,25.451355,22.680035
2023-03-09 21:00:00,560.9314,107.98919,61.072044,103.0026,74.13879,61.943935,197.43706,249.8011,147.61627,87.90982,59.161556,49.32807,61.51568,55.455185,43.212025,36.531178,17.822845,14.909775,15.949546,15.158942,18.128456,28.538237,31.980022,32.651203,30.990192,28.435713,26.901049,26.653639,26.888098,27.658886,26.33898,22.921543
2023-03-10 00:00:00,605.05334,136.07933,67.6661,89.89449,61.415844,55.072365,163.54689,244.27046,142.21915,94.41417,63.437176,43.84578,43.50383,50.323475,54.176662,49.697044,22.95206,15.848677,14.294274,14.218,19.042437,29.124037,32.27065,33.055878,31.48631,28.58052,26.99828,27.88471,29.914839,32.116535,30.312967,26.380684
2023-03-10 03:00:00,613.55566,172.62894,69.02189,90.72102,49.108597,67.68332,175.0015,292.3981,172.36755,105.23953,69.51225,51.912197,54.08683,59.775322,61.229027,51.997143,24.436377,16.89664,14.697188,15.3177595,19.59352,29.880674,33.903526,35.40868,33.812035,30.515684,27.585802,26.63411,27.082994,28.598625,28.611694,24.874739
2023-03-10 06:00:00,607.71533,188.19379,75.96569,88.64725,45.42323,70.95947,197.03926,339.34406,206.22124,119.32434,75.38901,56.647285,58.74843,58.985004,56.95515,44.54587,21.89844,15.4617815,13.754009,15.051659,18.668642,29.357824,33.88907,35.5588,34.1078,30.345297,26.332102,23.849972,23.2553,24.351063,25.220339,21.87463
2023-03-10 09:00:00,537.8448,175.56198,72.59531,101.15299,50.32217,53.468422,188.32289,354.51352,209.27834,118.71123,72.99519,56.007732,56.863735,52.85944,48.941044,37.731068,19.656122,16.160788,15.247067,17.23523,21.665556,33.300716,37.95268,39.695602,37.170414,32.562458,27.981182,24.534134,22.91988,23.119183,23.218094,20.1393
2023-03-10 12:00:00,538.8342,176.59248,55.714962,100.582565,59.181854,55.31106,214.77121,411.89175,258.4145,144.68318,90.91795,68.91293,56.268875,52.705116,46.57541,38.361214,20.69139,14.947237,16.073935,21.138678,24.659039,32.74428,35.49135,36.51961,35.325737,32.32196,29.013004,26.97956,26.862244,27.393185,27.605848,25.042608
2023-03-10 15:00:00,594.0468,168.92386,46.23102,95.97703,72.15871,54.455994,163.58565,395.17667,269.20026,152.47037,94.39574,73.9979,59.10394,50.300377,42.320606,37.382736,22.670176,16.63507,16.715073,20.720469,22.703268,28.935196,31.288105,32.28867,30.661694,27.63347,24.853615,23.98803,24.494904,25.9069,26.781534,24.355507
2023-03-10 18:00:00,600.99194,153.94455,37.969654,83.869606,77.50949,54.460358,127.035866,355.22128,266.83997,153.42976,94.56557,71.39647,52.392254,42.64102,34.217026,31.887262,21.892565,17.769081,18.279455,21.475634,23.231003,28.505562,30.295576,31.595514,30.770496,27.65678,24.519253,23.405924,23.603205,24.992355,24.872845,22.388872
2023-03-10 21:00:00,560.7669,153.14174,39.162155,66.41405,74.51923,53.661263,116.20164,309.60153,258.24713,149.13928,89.34408,61.850143,45.149963,36.588795,25.884354,25.42785,22.143541,20.670692,22.070248,23.063778,24.695044,28.826452,31.047297,32.99487,31.788048,28.608849,25.974943,24.943344,25.169262,26.000849,25.274033,22.284567
2023-03-11 00:00:00,592.68524,167.02754,57.467926,52.306526,53.885788,35.382153,97.570305,293.99963,257.81607,156.64178,98.480736,65.4077,53.66091,47.443592,32.189724,29.826485,27.45778,25.335161,25.514978,25.448774,30.353025,37.33462,39.9231,41.386738,40.06402,36.10355,31.657831,28.564295,27.234848,27.321964,25.601429,22.28229
2023-03-11 03:00:00,642.39606,159.4865,80.597,46.250816,42.950363,30.405802,96.88086,287.75128,237.32556,146.18787,91.10666,61.42964,57.353737,49.138203,34.06959,30.040161,29.018297,26.592714,26.866894,25.701958,29.464201,35.215904,37.047783,37.304436,35.684658,32.521812,28.524227,25.693176,24.593555,25.283077,25.513601,22.12726
2023-03-11 06:00:00,675.2893,171.12102,87.002655,40.78884,42.027523,18.936478,97.830894,279.7169,205.71806,129.17743,84.196655,59.020008,55.0367,44.97834,30.91417,25.06283,26.094076,25.073162,26.080849,23.719957,25.789467,29.84957,30.976246,31.255466,30.042744,27.452768,23.914078,21.578192,20.965773,21.915249,22.377497,19.427355
2023-03-11 09:00:00,653.6695,148.86449,85.95547,59.63871,43.345753,10.26457,92.97181,279.85803,198.16531,119.01688,78.51795,57.08719,49.942425,37.477806,25.692722,20.294949,22.457771,23.493694,26.743143,25.348495,27.596527,30.717093,31.37566,31.246265,29.741833,26.769825,22.598093,19.392181,18.10486,18.324594,18.605131,16.308928
2023-03-11 12:00:00,621.48615,171.16322,84.06505,92.26288,46.66912,7.251069,102.26022,337.2223,229.47612,117.31178,79.26614,60.22944,40.820076,28.526426,28.36718,27.312328,27.267084,28.782942,31.958046,28.40405,24.222075,24.631071,26.764221,27.915068,26.831251,23.92009,20.544178,18.186203,17.362614,17.986252,19.113441,17.64908
2023-03-11 15:00:00,559.4396,206.05559,101.631325,118.24055,50.955265,7.3857408,105.799675,359.4838,302.1263,157.56577,99.79022,71.64283,43.702446,27.933435,27.882896,29.595758,27.291975,26.900532,30.425774,28.337128,22.82524,22.794727,24.555681,25.463108,24.812557,22.503761,19.300455,17.323446,17.487522,18.834383,20.167694,18.635027
2023-03-11 18:00:00,460.31076,212.681,107.094284,123.51414,47.0048,5.5808177,92.60106,340.938,341.3432,194.15962,120.62211,81.70886,42.496765,22.479975,25.092789,30.246754,26.806435,24.071928,26.954767,26.863277,22.48679,22.953777,24.564796,25.49141,24.860273,23.108229,19.828732,17.709328,18.073774,19.631334,20.840673,19.208273
2023-03-11 21:00:00,346.0527,199.83,101.78404,118.4066,48.520046,5.5884485,77.79683,333.46655,364.808,223.9882,143.20172,94.13414,39.513893,16.42428,21.101217,28.754871,25.830421,22.677483,25.231903,25.9165,22.116014,22.10422,23.15147,23.550638,22.583025,20.808174,18.359177,17.43388,18.945314,21.406984,22.806158,20.834003
2023-03-12 00:00:00,312.79614,212.0691,97.94403,97.81068,61.221462,3.283951,42.91378,301.04144,366.2723,243.80893,177.72754,125.043396,55.085968,26.226725,19.8172,29.57257,28.719591,25.088055,25.159437,24.53296,19.38085,16.141045,15.58683,15.95914,15.168241,13.484112,12.929079,14.568263,17.806992,22.067686,24.392757,22.547853
2023-03-12 03:00:00,339.5519,209.15805,113.06178,88.56849,72.615105,3.1440456,41.060734,293.8585,379.99088,269.56,199.79439,137.2639,54.00427,24.686354,24.538116,30.313763,28.841347,25.693987,23.53856,21.884281,16.148333,12.768207,12.801133,13.39848,12.637812,11.784676,12.913304,16.288387,20.79487,25.612656,28.514814,25.873102
2023-03-12 06:00:00,371.66016,183.88374,112.93706,97.720955,69.185295,3.5051937,31.29937,254.22565,374.01294,268.19885,198.3306,135.08188,46.028522,19.405561,27.216106,31.52026,28.159494,24.980206,23.675455,24.068596,18.615208,15.311764,15.442064,15.165384,13.990782,13.442719,15.122713,18.611084,22.325838,25.931576,28.26889,25.010197
2023-03-12 09:00:00,358.78534,155.6869,123.90797,94.888306,60.920498,8.16596,19.724804,212.91821,323.18378,238.04749,178.31601,120.06933,36.42354,14.83646,25.686863,29.16922,25.098867,21.77706,21.930473,23.885046,19.377419,16.45555,15.997383,15.1946535,13.831382,13.547466,15.400645,18.691275,22.156029,25.302748,27.332596,24.0177
2023-03-12 12:00:00,350.45462,105.36754,130.5629,85.304214,65.23288,19.638155,13.478206,194.5731,349.36902,224.93352,172.68317,127.41315,43.73917,18.970034,17.057806,20.370155,21.583115,19.260645,18.966343,23.071693,18.90493,14.975816,14.450639,13.807111,13.633959,14.51299,16.361736,19.440649,22.897076,25.910152,28.645649,25.917875
2023-03-12 15:00:00,368.87146,90.038055,127.769,76.52486,90.39026,30.883944,12.73557,148.41737,326.57004,226.66174,162.64069,120.827774,47.969315,22.480734,18.865173,21.794275,22.61747,17.911879,16.133137,18.967867,15.613676,12.33044,12.152649,12.215963,12.672325,13.664681,15.788387,19.520424,23.405184,26.61957,28.972128,25.859938
2023-03-12 18:00:00,356.74585,76.39079,100.27226,68.47667,102.16541,30.874512,11.746605,102.74285,272.61105,217.44981,148.97102,108.58527,47.54608,23.925304,19.60344,23.510614,24.193491,16.451437,14.611466,18.327236,15.874005,12.476571,12.094134,12.148624,12.205993,12.652993,14.455777,18.218893,21.853315,25.065624,26.906261,24.104027
2023-03-12 21:00:00,320.85248,81.26029,75.91988,59.3348,106.79318,34.962048,12.7618065,88.95039,241.88092,205.47575,136.59093,95.78923,46.24876,24.778217,20.368296,25.146622,24.208353,15.249096,14.526705,18.976189,17.018602,12.556035,11.803474,11.783871,11.937686,12.231126,14.207387,18.519012,22.777788,27.215815,28.90205,25.785204
2023-03-13 00:00:00,339.20755,85.972435,70.00667,55.53815,97.44206,47.69856,16.140324,90.2345,249.77463,199.60869,135.44167,97.742294,45.063198,28.49799,30.358084,31.267069,23.464725,14.498788,13.50648,17.303246,14.443715,9.725574,9.368212,9.596128,9.8687105,10.507797,12.931801,17.682093,22.84329,28.61315,30.604755,27.120384
2023-03-13 03:00:00,405.20682,100.0548,69.245674,58.76401,90.20239,47.624767,23.135534,87.65886,230.97101,189.25697,129.11266,92.34996,47.081432,34.183144,32.4249,29.775455,22.474022,14.179955,12.222601,15.233141,11.739206,7.7254515,7.470003,8.0806,9.312415,11.298745,14.947809,20.438124,26.346523,32.214027,35.76004,31.47937
2023-03-13 06:00:00,429.82794,110.093094,68.667206,57.31056,73.11449,45.365635,19.956408,58.05201,164.13239,170.38495,126.64813,85.17999,45.807365,33.68398,30.24575,26.897911,22.040598,13.312867,11.176754,14.47997,12.599656,9.12429,9.14414,10.201217,11.689992,14.155343,18.843449,24.617764,30.393703,35.48369,38.32985,33.71037
2023-03-13 09:00:00,424.90237,116.19397,69.404465,54.579746,52.538902,40.571907,25.339075,61.08894,133.14163,146.27437,117.75942,80.53145,43.26733,32.27496,27.933807,24.204456,21.134611,13.575344,11.104535,14.073252,13.338949,9.928686,9.525476,10.454969,11.960522,14.854742,19.059677,24.178427,29.947168,34.37616,36.092438,32.117725
2023-03-13 12:00:00,460.7829,102.795654,89.77525,60.33875,51.02998,58.489456,65.65076,115.302086,161.75333,134.67796,114.73865,86.30875,42.26148,33.953068,23.20745,18.485888,16.845163,15.305822,11.472595,12.2769785,12.142274,8.793556,8.665628,10.22243,12.408172,15.697251,20.409306,26.398714,33.048477,38.689148,39.765865,35.79849
2023-03-13 15:00:00,539.3612,91.66213,106.12429,75.67402,57.6123,60.9645,75.70541,113.98806,171.13022,135.42354,112.424805,87.10555,43.709667,34.752247,24.95417,18.673841,16.053505,12.85563,9.419964,9.4718275,10.235339,8.230831,8.014813,8.913101,10.70731,14.167802,19.487568,26.176365,33.216125,38.721115,39.307987,35.43599
2023-03-13 18:00:00,545.9255,83.617455,96.361824,87.37478,67.58317,60.948795,88.36586,108.14905,145.06677,116.092674,94.46064,74.49025,42.1298,32.789864,23.916937,17.289997,15.947934,10.475364,7.798911,7.327345,9.213455,8.087211,7.7353745,8.214068,9.732531,12.4785385,17.123102,23.895271,31.202772,36.916496,37.303215,33.88384
2023-03-13 21:00:00,458.85388,82.26981,72.82967,79.15305,67.543365,62.765038,100.72936,116.04752,141.70326,114.40556,92.45788,74.85481,45.086777,31.397322,21.663752,14.219386,16.215338,10.8048,7.887806,7.1713967,9.902155,8.48074,7.7987666,8.1040945,9.249811,11.487916,15.7333145,22.335152,29.519178,35.729862,36.450348,33.15499
2023-03-14 00:00:00,444.15497,89.19489,55.00098,68.101776,52.556656,66.76931,74.20642,98.46098,143.72057,145.90323,132.66527,104.394646,61.014225,43.498974,23.40923,16.167627,19.703682,14.544656,11.735655,11.899406,12.499485,8.788942,7.6011753,8.022929,9.337181,11.080901,14.412256,20.22258,26.326532,32.439754,33.565884,30.438608
2023-03-14 03:00:00,496.29663,104.91167,63.614494,59.45252,46.459667,83.13378,74.607056,97.99008,157.65312,156.80357,141.60945,115.40069,69.21161,48.45465,23.887766,16.901009,21.10961,15.416319,10.996527,11.136291,10.309409,7.653858,6.802253,7.0766444,8.133869,9.744627,12.9419985,17.91681,23.707611,29.851791,32.33877,29.343443
2023-03-14 06:00:00,593.9375,101.66127,74.5404,39.66738,38.635056,85.01128,68.37115,90.89985,149.00986,140.78246,126.953896,107.48571,65.06558,43.838448,21.475552,16.24713,21.85196,15.908392,10.067252,9.738039,9.919126,8.330453,7.6294866,7.6611176,8.289612,9.386519,11.844281,15.941843,21.087124,26.660393,29.206202,26.685366
2023-03-14 09:00:00,635.491,97.44766,69.14449,24.092493,26.686195,79.681694,58.219418,80.18209,138.93828,126.90254,115.826645,102.490814,61.17972,35.27003,17.6917,15.450105,22.79355,16.55309,10.238226,10.289103,12.0192585,10.659865,9.7917385,9.383672,9.546876,10.330252,12.229173,15.35287,19.511848,24.026144,26.003227,23.983875
2023-03-14 12:00:00,646.9333,86.11829,75.01054,28.637268,24.893002,72.0362,51.54682,97.126274,142.49278,119.6655,107.26485,97.629745,63.005417,33.530254,16.641047,15.692569,22.838766,15.789548,10.331494,13.866973,18.301647,14.238317,11.940602,10.318868,9.511481,9.626183,11.149464,14.551295,19.389917,24.839998,26.952967,25.217419
2023-03-14 15:00:00,698.1674,70.61875,74.15395,45.706043,40.966843,67.34815,52.061325,100.30728,150.81758,123.19503,104.93182,95.65113,60.940697,33.0448,17.992777,17.027319,22.517159,16.222435,11.00868,13.803567,17.730747,14.725904,12.612864,10.849812,9.676302,9.84108,11.611046,15.162065,19.808191,24.91877,27.179028,25.44092
2023-03-14 18:00:00,684.62775,60.660095,54.340725,50.48087,52.99391,62.38237,53.470158,100.855995,144.75569,115.652374,94.16347,86.82718,55.21933,28.592445,17.848381,17.874697,20.92434,14.867633,11.1084795,14.474534,18.741669,16.421064,14.605341,12.985868,11.812502,11.7327795,12.995375,15.913909,20.009985,24.92743,26.741262,24.825947
2023-03-14 21:00:00,645.2908,59.298668,44.900105,43.09855,57.04671,61.19908,63.560116,113.00362,146.00163,111.956085,91.244286,84.095535,51.187153,24.941074,17.819038,18.230333,19.56232,14.148416,10.213498,14.135727,19.27456,17.129183,15.331283,13.8744545,13.055536,12.983602,13.952217,16.48997,20.402021,24.940554,26.310347,24.195892
2023-03-15 00:00:00,651.53265,99.55838,42.09182,42.113186,45.103867,56.50743,80.06736,126.54915,124.58156,95.25331,78.81789,66.58459,47.734303,35.281277,27.339376,21.961164,23.733717,19.43253,15.651418,20.383955,24.248812,19.706621,17.145578,15.0875225,13.618545,12.880186,13.407225,15.569309,19.994623,25.273619,27.788353,25.870207
2023-03-15 03:00:00,708.9123,127.022385,46.53858,44.76169,35.57701,50.108574,89.316086,161.52615,152.16957,105.247475,82.81923,67.585625,46.2433,35.587757,32.716877,25.469366,24.917938,19.941944,15.802177,19.279272,22.313732,17.773361,14.809221,12.888106,12.213299,12.586413,14.130891,17.036676,21.760366,27.120451,30.315952,28.136425
2023-03-15 06:00:00,780.43616,138.82123,48.04067,38.96745,20.757774,35.72723,82.54647,167.65253,155.69856,99.494675,77.21443,61.892715,39.10112,29.793386,31.567541,24.263224,21.281227,18.05829,15.108577,18.04989,21.561104,17.323942,14.178344,12.255293,12.050558,13.35195,15.00473,17.231976,20.945375,25.355124,27.676655,25.423132
2023-03-15 09:00:00,743.63684,154.56293,49.65911,34.92398,11.8567705,18.287846,65.51591,154.83453,150.72095,91.042534,66.917206,52.822742,30.844807,23.98684,28.058418,21.29195,18.082853,16.265928,14.240705,17.642326,21.55485,17.650616,14.584446,12.7087345,12.791923,14.129851,15.222298,16.541115,19.21222,22.378096,24.179398,21.803667
2023-03-15 12:00:00,708.4476,131.1507,65.1946,28.483627,9.742777,12.9731455,42.32818,145.76685,191.614,113.031494,76.265564,53.457035,28.190596,24.085827,18.762312,13.065704,15.577796,15.601717,12.139518,16.30432,19.517763,14.888806,12.637756,11.078456,10.846591,11.731074,12.684024,13.904987,16.392904,20.074482,23.662704,21.905014
2023-03-15 15:00:00,696.42755,133.67964,88.60739,39.287296,14.271591,19.867834,30.174305,129.2763,200.41267,126.13132,85.20147,60.988777,31.515156,26.258638,21.596739,14.094084,15.055449,14.585066,11.383319,14.434554,17.264194,13.480264,12.03863,11.341142,11.698393,12.494708,12.984494,14.349988,17.03258,21.091097,25.565245,23.35287
2023-03-15 18:00:00,634.27856,120.29389,80.13911,55.18996,14.982785,9.657329,26.175425,88.756256,151.7161,107.28036,69.95087,49.896935,24.216412,22.015882,19.345106,11.673115,11.573153,12.12287,8.992533,12.937801,18.417337,17.113699,16.435995,16.198532,16.651917,17.4304,17.031475,17.244713,19.025785,21.912966,24.23799,21.601492
2023-03-15 21:00:00,569.9859,84.16218,69.681206,50.89208,14.338051,9.640342,23.909742,82.10854,150.43733,114.3127,74.98265,52.233765,25.73451,20.470339,15.519557,9.243496,9.314197,9.621424,7.6173577,12.340353,18.071888,16.766586,15.780066,15.167258,15.104997,15.589447,15.032082,14.809089,16.89536,20.230377,22.39694,19.752623
2023-03-16 00:00:00,583.0655,75.80201,57.386612,46.821636,20.130344,10.500413,22.447466,80.615036,124.12016,98.87513,79.23959,61.04061,33.612614,18.739197,11.012213,9.004296,10.009481,9.9909115,8.553007,11.61676,16.843851,16.154974,14.456801,13.607552,13.917465,14.563166,13.847808,12.918544,14.560806,18.471863,21.545612,19.290924
2023-03-16 03:00:00,633.50134,75.62071,50.501328,39.49775,24.345541,15.130857,22.428953,79.787346,127.97042,111.96197,88.31421,67.55146,38.73079,20.518774,11.176769,7.9131885,11.736817,11.519099,9.711908,12.02056,14.010198,12.85008,11.458371,10.93616,11.562205,12.634997,13.151044,13.4585705,15.400943,19.340027,22.374065,20.15694
2023-03-16 06:00:00,635.51483,100.334236,54.23328,18.529444,21.152992,19.54044,32.907455,92.772285,133.15646,118.80152,89.08416,63.937435,35.800106,20.570951,9.257164,5.5345564,10.074787,11.65444,10.530353,11.578356,11.944688,11.382428,9.89246,9.367105,10.246859,11.3836775,11.649645,11.701713,13.911106,17.837736,20.285671,18.257149
2023-03-16 09:00:00,569.9588,111.90197,59.484028,6.3607817,14.688082,19.471727,29.180218,82.70743,119.01573,116.789894,83.68029,58.20164,33.0932,17.535166,6.977954,4.263437,9.824359,12.477711,11.847605,12.414428,12.665624,11.332412,9.678545,9.033911,9.343057,9.83595,9.620277,9.339679,11.22198,14.515124,16.69271,15.195919
2023-03-16 12:00:00,485.9657,122.507034,75.47023,12.857645,10.250268,24.880144,30.50624,68.70875,98.24888,101.745865,76.96952,58.14041,33.768036,16.812996,9.171349,6.7869167,9.583543,11.646124,11.79262,12.561609,13.8948965,13.975613,13.194332,12.937697,12.501775,12.034486,11.107541,9.52261,9.829386,13.08166,16.343418,15.20595
2023-03-16 15:00:00,537.4928,122.267006,93.14767,41.39592,5.2202086,27.433222,34.173786,67.27546,101.16436,111.65,87.68467,63.72903,39.589783,20.368555,12.043456,9.022394,9.172913,12.146509,13.827862,14.231624,14.457074,13.009664,11.930089,11.288465,10.511712,9.943021,9.784334,9.581264,11.194408,15.213446,19.132149,17.774536
2023-03-16 18:00:00,575.30225,100.10722,80.183685,61.682396,4.209213,32.299152,47.6011,77.63305,111.25479,123.40789,99.563126,68.870926,41.440693,21.722557,12.851402,9.38093,7.239134,10.706466,14.377196,15.847635,16.940462,14.506431,13.046039,11.948983,10.790224,10.222676,10.145423,9.955328,11.675628,15.711907,19.070951,17.427788
2023-03-16 21:00:00,578.8037,86.48363,51.1547,66.5298,3.9316988,35.178547,55.108055,79.182846,114.239685,131.14774,107.66135,72.523254,41.410336,22.890324,12.457121,9.37025,5.2064357,8.0090275,12.097405,15.466357,18.22638,15.888471,13.867858,11.993884,10.410612,9.844905,9.906368,9.669947,11.416915,15.558067,18.249977,16.539793
2023-03-17 00:00:00,619.0691,121.77975,35.127556,63.065712,6.373286,38.564167,54.850307,89.42257,123.8464,145.99762,119.28126,79.69233,45.42394,25.923725,13.725459,12.3164,6.027665,8.00918,11.397045,13.795431,16.301395,15.311181,13.228181,10.708405,9.103695,8.927176,9.554686,9.712541,11.729342,16.41292,19.43069,17.864761
2023-03-17 03:00:00,678.63715,177.47871,31.082382,67.593704,10.120781,37.386677,51.152626,84.382774,120.11475,161.53407,131.35434,86.080055,47.29736,28.84982,15.755962,15.540585,7.824334,8.293621,11.412806,12.499617,14.545678,13.68056,12.106443,9.691077,8.159456,8.015766,8.84101,9.843278,12.378443,17.314814,20.601517,19.006048
2023-03-17 06:00:00,643.897,212.65515,44.140133,61.597324,10.117609,45.449715,61.08279,92.91255,121.867744,172.39185,144.59775,95.54598,46.847553,31.896103,17.635988,16.46864,7.773829,7.843608,11.381778,13.642738,15.418594,14.607254,12.865354,10.013464,8.167856,7.746531,8.095101,8.974702,11.299084,15.463932,18.338984,16.706718
2023-03-17 09:00:00,539.8263,212.4028,58.708595,48.11023,8.263002,47.35701,67.12904,90.13365,116.76227,169.85373,149.44379,96.48271,43.310574,30.612467,16.711393,15.453296,7.194128,7.212442,11.193799,14.979568,16.260485,14.444944,12.900351,10.29971,8.155301,7.3824153,7.6923413,8.718109,11.215586,15.288625,18.073183,16.226265
2023-03-17 12:00:00,541.5148,189.44518,83.62496,42.113335,5.643028,43.68059,72.78518,91.78035,101.71302,157.39415,170.86086,113.95857,43.55937,27.370623,13.95626,13.593326,7.612805,6.975613,9.525817,13.739902,17.165838,14.8945465,14.185648,12.53318,10.750054,10.292511,11.201864,12.497134,14.61634,17.969383,20.635185,19.263947
2023-03-17 15:00:00,612.6047,208.18103,112.71778,54.160267,7.244483,32.794167,68.9086,79.043655,90.623825,145.70157,179.97572,130.66617,51.52905,27.853283,13.6243305,11.609804,7.948108,7.3310685,9.198127,12.6571865,14.917721,13.6552925,13.795289,13.095245,12.500647,13.470008,15.684429,17.74156,20.239475,23.953352,26.481108,23.837425
2023-03-17 18:00:00,612.5869,201.0545,112.03873,59.67938,11.942672,32.340153,81.76465,94.86307,104.120926,147.31577,186.00671,146.64203,62.23882,33.92001,16.862215,11.395809,8.675858,8.939346,9.9852085,12.271277,14.950714,14.108608,13.69168,12.933217,12.355347,13.674888,16.138956,17.810955,19.700005,22.686852,24.347668,21.342411
2023-03-17 21:00:00,594.3987,167.05037,87.948944,57.27248,15.20385,27.388817,83.01064,93.5536,101.39824,146.34251,181.64037,147.20404,65.24375,33.719013,15.955341,8.324976,6.7593946,7.6915674,7.995222,10.649378,13.9822445,13.316666,11.974004,10.877598,10.350422,11.589158,13.447465,14.394395,16.250717,19.165154,20.525755,17.930496
2023-03-18 00:00:00,716.5442,163.16531,78.60743,50.059677,17.012327,20.01702,83.363045,104.88224,103.71344,146.59746,184.95102,159.7391,72.025665,37.675865,17.1593,8.298092,7.567138,9.462166,7.3235126,8.369893,11.789466,12.65652,10.596318,9.256595,9.198205,10.4464445,12.1290865,12.7656145,13.693048,16.00476,17.54483,16.045134
2023-03-18 03:00:00,780.0135,174.7671,79.22618,51.800835,21.059948,13.803827,72.29825,92.88068,92.33774,138.16455,183.70543,163.32614,81.56768,40.477646,18.381409,8.456319,7.9785223,9.676192,7.545428,8.074425,10.973002,12.209539,10.528114,9.804816,10.611717,12.341838,14.029385,14.7314415,15.7201185,18.339695,20.471571,18.853037
2023-03-18 06:00:00,821.1519,157.75766,78.86589,43.00609,21.11908,17.51869,77.023964,101.97004,103.636635,145.62102,196.50815,180.70071,96.53148,49.47552,23.889729,11.343638,10.621026,11.998139,8.911096,9.090104,11.171094,12.212392,10.5259905,9.848672,10.728062,12.525164,14.246392,14.830959,15.553417,17.866032,19.630625,17.67642
2023-03-18 09:00:00,772.86945,137.89134,71.57279,30.185104,15.816093,19.579618,77.28262,99.49014,103.56799,136.76984,180.11748,175.67113,97.34274,49.09407,25.54411,11.904801,11.722769,12.809128,9.604894,10.188633,11.7190895,11.491713,9.974971,9.568327,10.504057,12.260622,13.626788,14.558727,15.922553,18.229595,19.267803,17.010164
2023-03-18 12:00:00,669.97107,134.85883,55.950226,29.518963,21.47021,21.206287,72.63199,107.15213,116.46008,141.06987,179.13535,191.05565,109.54164,51.53519,29.375864,14.981567,15.928595,16.593353,13.273754,12.627356,12.482013,11.42724,10.74349,10.163209,10.734722,12.326635,13.282491,13.605055,14.283195,15.816383,16.979216,15.708489
2023-03-18 15:00:00,658.15845,177.3104,65.90191,41.75056,31.960606,22.011297,71.677155,97.92859,107.4735,123.72327,153.08572,169.97476,103.50903,47.68909,27.422997,14.806817,13.426978,15.154651,13.003247,14.261807,14.964836,13.131906,13.182746,13.398487,14.457664,16.440907,17.852907,18.35836,18.814198,19.720207,20.41794,18.584646
2023-03-18 18:00:00,645.083,210.56793,65.36436,49.964703,34.39521,31.55279,93.693214,127.11241,141.76009,156.41144,180.81702,188.03864,125.82767,57.272,34.684044,24.205347,19.44753,21.699919,20.010338,20.741785,19.12167,14.778917,14.175697,14.14485,14.576407,15.4726715,15.636298,14.635118,14.000635,14.340862,14.658296,13.299812
2023-03-18 21:00:00,551.4258,225.61357,52.54803,45.261158,33.78317,33.77221,100.98395,134.89244,148.60683,153.95808,171.16304,172.22418,121.99763,58.63403,33.514664,26.085577,21.188713,22.10286,18.628304,20.369652,19.072311,13.4092455,12.14202,11.4394455,11.403782,11.480086,10.934058,9.756987,9.277899,10.188088,10.944518,10.0078535
2023-03-19 00:00:00,490.82953,257.49176,73.780365,41.876434,38.303204,36.304222,95.98827,134.92194,165.16449,164.36508,179.60379,174.45715,123.83999,63.022137,34.97509,27.896584,21.114368,19.943356,16.22086,18.920998,16.538786,11.791947,10.265923,8.986559,8.322435,8.722858,8.776348,7.6291065,7.274957,8.705411,10.033271,9.41658
2023-03-19 03:00:00,515.0447,243.65346,110.378944,43.09176,50.952564,33.14141,89.63244,128.16826,153.31116,146.27765,157.51805,160.09671,123.24469,61.48031,34.65746,27.696545,22.348413,19.262896,16.274458,19.443916,16.479553,11.117978,9.850091,9.069968,8.694529,9.25328,9.461017,8.699525,8.670787,10.274031,12.1065855,11.523903
2023-03-19 06:00:00,575.7894,199.4451,133.0133,39.046883,58.6472,35.625946,96.40517,136.98099,163.10123,153.59808,154.50995,159.21483,136.36987,70.06852,41.4335,33.33218,28.644243,23.39163,21.754362,24.420969,19.514082,11.342868,9.916493,9.208738,8.814367,9.040187,8.809241,8.08679,8.248403,9.654617,11.305162,10.787134
2023-03-19 09:00:00,550.5775,132.45767,124.27868,30.958975,45.21744,34.888027,96.00372,133.74158,156.35052,152.8588,149.87025,147.01375,134.02391,72.6172,44.283714,34.682938,34.59575,27.048244,25.771564,27.82629,21.39413,11.199208,9.247361,8.187179,7.6141458,7.1966815,6.3407445,5.820122,6.066403,7.397863,8.895141,8.493089
2023-03-19 12:00:00,455.67056,103.35395,126.58068,33.32493,37.34006,27.820427,95.336586,126.42134,163.796,156.62383,148.82292,144.84648,134.93698,73.38669,44.249493,33.334866,36.666546,30.669605,27.208006,27.98577,22.288301,12.780383,10.498827,8.940923,7.962191,7.8152595,7.508023,6.3767114,5.8322473,6.7498903,8.330645,8.059746
2023-03-19 15:00:00,443.01706,117.68512,138.90509,48.005836,39.139534,19.68029,84.79284,116.928566,148.83644,152.7987,140.1703,134.0201,123.29336,68.15316,40.409264,30.08162,34.785477,30.723112,26.563635,25.777945,22.341553,15.3949585,13.1388645,11.46194,10.448206,10.693971,10.396795,8.797494,8.010421,8.932033,10.421473,10.005727
2023-03-19 18:00:00,451.8086,135.83972,125.63656,62.219193,44.96708,20.91159,100.806145,143.08734,178.27397,187.38293,170.99841,158.324,141.54068,81.30313,49.63828,40.611942,41.92423,37.644485,33.9498,31.802965,25.609432,18.217777,15.468915,13.446259,12.078102,11.190157,9.811501,7.400656,6.2507787,6.8222733,7.635572,7.2843213
2023-03-19 21:00:00,415.51505,136.15294,85.35593,64.02054,42.383053,21.396461,102.64602,147.37888,179.64935,188.73381,171.10638,159.9353,131.59914,78.503,48.713722,45.447403,48.55442,42.969193,34.91968,29.526245,24.367445,18.230373,15.5237255,13.150234,10.982108,9.342077,7.108121,4.502674,3.4274004,3.9474123,4.51657,4.359639
