,Az,Ae,Kz,Ke,Cz,Ca,Ck,Ce,BAz,BAe,BKz,BKe,BΦZ,BΦE,Gz,Ge,∂Az/∂t (finite diff.),∂Ae/∂t (finite diff.),∂Kz/∂t (finite diff.),∂Ke/∂t (finite diff.),RGz,RKz,RGe,RKe
2023-03-02 18:00:00,35693.19650171082,22726.528784845585,358950.52754726383,92911.25659876791,-0.09129033210515657,0.08642060864758852,0.13932454264810407,0.18201970018675254,0.23759175872061986,0.10690766440496537,3.782884540895911,1.3262202572160713,0.5458454339975436,0.3874630283500109,-0.4356959902489268,-0.7410904413713923,0.3011014787477129,0.213454606708455,1.8166061134631821,0.09380138773473946,0.05863999656952504,-2.014312637975676,0.20214603384265367,-1.2751140270199803
2023-03-02 21:00:00,38945.09247218612,25031.8385372969,378569.8735726662,93924.3115863031,-0.22371730663705167,0.07634762685054182,0.4080613996497761,0.13317883100385913,0.5185071067140197,0.19386985398708034,4.600866118319203,1.0697323775932848,-0.14533040043824136,-0.10258800496545001,-0.4648445232769547,-0.2063168526207893,0.44749347950074275,0.07407849889440866,2.2113767641611966,0.027968321910643513,-0.21838330699978675,-2.573833447170731,-0.06296015093935436,-0.7668814870367242
2023-03-03 00:00:00,45359.05565892687,24326.62436096481,406716.2656531457,93515.37235203781,-0.14576107527887214,0.11750569351969284,0.27308264861247394,0.34249543248075737,0.39810552644189495,0.17539725137547527,4.341843587296651,0.6179572234587336,-0.4403052814262679,-0.2343791079723863,-0.3430255866011996,-0.094704684157673,0.13533147934421794,-0.15245999164881766,1.1876503316888611,-0.04855590430556967,-0.29102942885685634,-3.281514828941392,-0.1028675040632284,-0.7359259116325867
2023-03-03 03:00:00,41868.25242602123,21738.702717682438,404223.1207371456,92875.5040533028,-0.2494790325899821,0.16453607465168274,0.23548339056436246,0.5824010442005841,0.2636400662899213,0.11478961923832205,3.02139264289735,0.5945801598697958,-0.31301294838860194,-0.11018028354325554,-0.18683072198746475,0.11341612231156528,-0.2658815788896084,-0.20959176398816723,-0.3034452168318455,0.09789149498992696,-0.6144646031178291,-3.310842217703576,0.09348358632241209,-0.8436063185160906
2023-03-03 06:00:00,39616.013554911326,19799.4422588204,400161.8489695778,95629.82864382023,-0.3234046761041534,0.10368351354394245,-0.3103769605292148,0.6942156978098651,0.19706030565447108,0.0826522244430268,1.842707281355977,0.5760564445780172,-0.23025470793266395,0.1159734594881624,-0.13201461764177538,0.2703540319916643,0.051750926734466705,-0.08062712554789768,-0.7203414450680753,0.30330800553805937,-0.36503054148021535,-1.929267089790684,0.42725283427499816,-1.2773410973790378
2023-03-03 09:00:00,42986.07244348571,19997.156805847848,388663.74552367517,99426.95697292488,-0.0698337517484512,0.054524363443065334,-0.4389536708928739,1.3909813539987677,0.11005064692837147,0.07824779789750565,1.6022512485694689,0.8408370277325383,-0.35686736534194646,0.42929125263188833,0.16853280195621323,1.12506108438707,0.1466493948142387,0.08907617657006321,0.7181539286011819,-0.23404395052243435,0.021289359580481365,-0.37530989732696196,1.34728536922826,-2.904816003146614
2023-03-03 12:00:00,42783.64048289888,21723.487672733765,415673.97382736334,90574.47931253565,0.19665806404895492,0.11412361752488502,-0.116796612362442,1.2592220662602498,0.06426427157398491,0.11890766918303564,1.3058464261821543,0.8912024952730528,-0.12824893387245917,0.6538931003654275,0.3471433244523006,1.031025700526854,-0.02436120298179621,0.13571322365959648,0.42494421005189736,-0.28543005263734744,0.22215620701805883,-0.9607636678167699,1.1619040032119257,-2.552651226533092
2023-03-03 15:00:00,42459.87045907891,22928.562436895132,397842.54046079615,93261.66783595817,-0.3167827887532794,0.13948792610199848,0.07430021703203141,0.7688683165428901,0.056518629276139584,0.08643545889054977,2.198523399414458,1.0621102215685154,0.26989339773918875,1.0679787162876933,-0.22382073289509413,0.4111697653721218,0.05455649779178741,0.08807638787142288,-1.1071167104452777,0.18143437365147327,-0.17925699413563312,-3.063157538138488,0.6310213194217646,-1.575243947427901
2023-03-03 18:00:00,43962.06083520149,23625.9376507565,391760.25288174534,94493.46178340747,-0.0681279775654353,0.11647048881996408,-0.09701761873014203,0.5555697731730699,0.07573302672582907,0.06106802734199357,2.771529566279449,1.0789961619017308,0.5644462424383702,1.4322739952188064,-0.03255665685534362,0.2711427785979851,0.2677091877248387,0.1796796777862031,-0.3120820538292551,0.13292908430598835,0.2403186722535384,-2.9184660238131266,0.5577109347973154,-1.5986544694989542
2023-03-03 21:00:00,48242.38891393543,26809.64347707712,391101.56809808424,96132.93605696752,0.06312417142829513,0.062006205571011226,-0.053072381861756945,0.13915159416353648,0.30341318645445303,0.10712081980603455,3.25592300785811,1.061399159373431,0.6648937361581444,1.6140984852447617,0.01397225778293168,-0.4145484725406019,0.9101249869348609,0.04965600351154417,-0.06492835788261868,-0.5507585512640516,0.7318421774797143,-3.3309031553072668,0.019680572298034882,-1.8043816866627762
2023-03-04 00:00:00,63620.760552994485,24698.507326605853,390357.8003514808,82597.07707610396,0.06289375477945207,0.05758982586735178,0.2017561743637804,0.09557128171457474,0.4326104663027858,-0.04480054539415634,2.6859644910225313,0.3211314259572683,0.5062618799360099,1.4543900614743128,-0.2837431979730531,-0.13640439827338366,0.3831192317752508,-0.30329893529239516,-0.19695143704813542,-0.7508905477511312,0.0709923461192688,-3.147565857213899,-0.22051693405101586,-0.9658370810591937
2023-03-04 03:00:00,56517.76432028085,20258.386474761384,386847.4170578445,79913.70022554309,-0.07191565564132403,0.039486271832605356,-0.04336748060601113,0.17999110671303115,0.20212876162394378,-0.04468865063203761,2.4657105334314777,0.33975204684863214,0.6214561200511562,1.3518029794752822,-0.276080170187199,-0.0657648557562916,-0.7000697624889715,-0.33082589760660336,-0.6279698092402504,-0.28126973033621283,-0.934627907921634,-2.978397206424393,-0.14563241209413993,-0.8443803645038872
2023-03-04 06:00:00,48499.2536832327,17552.66793830322,376793.6524718914,76521.65090084176,-0.44689998264651243,0.0626800387889949,0.05888400662316848,0.044833364336450784,0.09538159759688175,-0.06198836761903372,1.6305920526029745,0.16374334121067197,0.9819450112020159,1.666712092427565,-0.2874925914265675,-0.14035469102315118,-0.2657571223863808,-0.18501268238563515,-0.6600523634934614,-0.35201951885206656,-0.7453586638407801,-1.902628440073092,-0.1408709892191455,-0.5017122177760209
2023-03-04 09:00:00,50777.41047673502,16262.112535231665,372590.28600638575,72310.07861833845,-0.5226550195190816,0.034896527755235926,0.23479486132237964,0.047925971275316226,-0.0504117252775396,-0.03369312782784375,2.1607669337999478,0.4065035331019461,1.2173059936713573,1.8335248138791858,-0.35262575681433844,-0.09550771914828979,-0.0687511899085806,-0.05992121902790418,0.8177080387563156,-0.5625195735707331,-0.5060979563948867,-1.0551987368469302,-0.013198647679980129,-0.7821542166256157
2023-03-04 12:00:00,47014.22798120736,16258.36960730049,394456.1461090278,64371.22811171393,-0.33715145206414476,0.05131482352267365,0.3339301575685055,-0.13917284765544624,-0.11196363880059529,-0.011537343300267462,2.915437617710098,0.6942332969336318,1.2150428909815916,1.7953894183898609,-0.22751232056204942,-0.12061108815521479,-0.25536540784714346,0.05010998180791889,1.342668634255269,-0.5138587196761253,-0.42923839758801924,-1.5695476889591897,-0.12884034606993355,-0.7349890113858053
2023-03-04 15:00:00,45261.51766723672,17344.488142282713,401591.92850629956,61210.73027333414,-0.24991482218151215,0.03499293063524034,0.3640501421643754,-0.2402421858855328,-0.18596839646669333,-0.013695378233841819,2.835169724338516,0.7377547139984209,1.1009596925438356,1.5671085243466703,-0.25767913330474174,-0.18904862541244188,-0.0455252280058472,0.05682977299478033,0.5373074888669146,-0.17939174643318875,-0.07447872308542569,-2.4119975554544646,-0.20470996529215102,-0.31285413238170134
2023-03-04 18:00:00,46030.88305628106,17485.892703987745,406061.98786855314,60496.36638875705,-0.3887422680893377,0.013048518826615093,0.2139752302798404,-0.03693145906205219,-0.21336630742596008,0.0068431308824167675,2.7314977319747724,0.6676207892658869,0.9136713316153415,1.4331822123143312,-0.36161188416626183,-0.16998422789758288,0.2602816924731464,0.1548717179928811,-0.1022079007197829,0.0869588597390918,0.09795425063638388,-2.658938594885058,0.09804860922179705,-0.3297552401849025
2023-03-04 21:00:00,50883.602224656686,20689.717250928945,399384.23785075225,63089.041643698525,-0.5510587108088933,0.033589912924205594,0.3023255796302543,0.8180225144875506,-0.09860240323855585,0.06498741189950497,2.6127277461828524,0.579907018909574,0.5232130890085149,1.0324763287254148,-0.3694838859390726,0.6461048783368196,0.3453091271168988,0.1726444024330023,1.0496624270935286,-0.12926209888142223,-0.07355726752923308,-1.3143321879106846,0.8920895920968424,-1.2248660526482924
2023-03-05 00:00:00,53489.560202006076,21215.011796540595,428734.69629377336,57704.30505291833,-0.6712589897137042,0.04414959680837854,0.28805625026891857,0.9164612754130307,-0.3111775955888072,0.006943061901131843,1.9669152578687419,0.34979267997193886,0.9652821272291634,1.7519645887954476,-0.3128402140402943,0.8975487189723079,0.0413835770476416,-0.08499688808372176,0.9800716675873318,-0.1406954397181572,-0.27454822026887693,-0.6036408508366244,0.7803717286197985,-1.118893144834208
2023-03-05 03:00:00,51777.487488885745,18853.784468320555,420553.7858706386,60050.02014578633,-0.4413538568724582,0.0013802515171623753,0.2951582471107004,0.11897708116538377,-0.3917545504309878,0.03628738919757859,1.3028519108141854,0.7867118035808341,1.2042752998994137,2.036189273537057,-0.17666293386590312,-0.051577101969761,-0.1732218426300962,-0.15377659610734318,-0.5986148499838277,0.2725747751658929,-0.22144089755440427,-1.7552711510362553,-0.07246715565670037,-0.3379558624696246
2023-03-05 06:00:00,49747.968401196,17893.437320621983,415804.6155341227,63591.92019650162,-0.13375059219503513,-0.0016657340661773512,0.4087129933897334,0.006917146961668678,-0.38703929937841436,0.008748912652355327,1.0334050986883527,1.0798254326766124,0.33105366578248335,0.9574978864454953,-0.188358835375769,-0.08652025662174206,-0.35514227476366145,-0.05492278512881125,-0.9516279250597829,0.3043696891898199,-0.10351930164645962,-2.259995424942834,-0.05508881675332055,-0.3736598970587277
2023-03-05 09:00:00,44106.41435399066,17667.452309538232,399998.6226893473,66624.40543228644,-0.04901936016694247,0.009983414335906823,0.3426253831185466,0.12000329249376061,-0.3500475506106538,0.03814268946064325,1.3247736491722293,1.1671281018274022,0.2409743399523679,0.7417761018514271,-0.29591203445398806,0.03101977221089091,-0.4594759163262764,0.11611941043098409,-2.0063996194140645,0.3125111014111951,-0.1484643115466583,-3.624779291537898,0.1879965991281946,-0.6319949097914211
2023-03-05 12:00:00,39823.28860854843,20401.61658593124,372466.3837547789,70342.15998698343,-0.14585016937075812,0.007531871125560202,0.1830353002238557,-0.20464379979511604,-0.2697168460349519,0.01868710939862439,1.2994159301177164,1.5599832029546292,0.5302965316428745,0.7146561694330158,-0.19556838679914135,0.30239470951361214,-0.16494960690079064,0.15649293562314495,-2.81525173805114,1.046081314272556,-0.033551059111036674,-4.151852799021954,-0.07436984469615568,-0.12622278866310155
2023-03-05 18:00:00,40543.50284493358,21047.699718998163,339189.1851474427,89219.76182057365,-0.20886303152639377,0.004426953655290432,0.1754994844591535,-0.0857508993465889,-0.015783773357548506,0.010847334323931208,0.2076289416394479,1.7657595044339167,1.1957059857664296,1.1039880427163526,-0.32782526946307405,-0.31466949375171616,0.11695545615534886,0.09119691870266133,-2.362448529573761,1.2543176205573299,-0.07169684835820597,-2.5367139241459684,-0.009828268623149207,-0.25019150007084434
2023-03-05 21:00:00,42349.52646150396,22371.470029908724,321437.49551598565,97435.42059102176,-0.2674968984853604,-8.309831077491891e-05,0.4704881491605366,-0.14663559394799866,0.09782943356624399,0.04960611233477644,-0.33796043937375897,2.1667039295118236,1.2546778437937252,1.1225769799310032,-0.4622766941294457,-0.42892178474418186,0.16451353399156116,-0.11186908257307214,-1.3790044614486638,0.596613026005092,-0.20089589637081817,-1.2440352727500812,-0.3080276905450723,-0.9529671603981962
2023-03-06 00:00:00,44096.9951791513,18631.327535419805,309402.68878015154,102106.60318228364,-0.26126904369196574,-0.008139191909368543,0.8508096593404131,-0.1857673333882792,0.05657307863247661,0.032774061173767924,-1.373752647699177,2.2951549537307683,2.24291704447757,2.155727977074709,-0.4967518687102508,-0.3524330459867935,-0.01253225911657898,-0.1884669505216531,-0.9073946302468,0.6592717510665433,-0.3385135733503899,-0.12318259819607036,-0.3988691531743317,-0.5993062099355326
2023-03-06 03:00:00,42078.82966458586,18300.583898641016,301837.77150265477,111675.69041405909,-0.34065286423013513,-0.01961537625172803,0.7956066534713933,-0.09955444878434823,0.042538570930046475,0.009827355622077377,-1.7573073177158172,2.4408034917670807,2.30548275373333,1.9786705920756051,-0.36421590775677826,0.006398151834620434,0.01841081021971082,0.05980574674632643,-0.65904219580638,0.5733193446920396,-0.38439600119219886,0.643311332668179,-0.029960681408371152,-0.9723230448192997
2023-03-06 06:00:00,44494.668679897055,19923.131665140456,295167.37735073373,114490.30102763169,-0.07777156318034802,-0.05210214055553751,0.4808397918492354,0.27957140350110593,0.05743908629405329,-0.06615357054967194,-1.7146327082715813,2.0442767607723487,2.5645922359700686,2.37964323499094,-0.20036392645712828,0.5005912552028194,0.10084300753053328,0.13677742783293692,-0.5673948933849682,0.20140550176019503,-0.08646978249940554,0.7441695862177258,0.5346045424392523,-1.6416028706640242
2023-03-06 09:00:00,44257.038627245376,21254.976339832454,289582.04180553945,116026.0492520793,0.10970244763754596,-0.007177661637324193,0.6924499385138068,0.6468525742613433,0.14160641224042733,-0.12315423831092878,-1.5379339131745984,1.899937606998797,1.9843635802792075,2.0018310499514644,-0.1300899576657407,0.6021354110603716,-0.207582851544749,0.05925031871315814,-1.4829966804868577,0.7402338655575733,-0.2466644777849546,-0.7472151534636118,0.8364347929227545,-1.1141063771887603
2023-03-06 12:00:00,40010.879086530476,21202.93854934467,263134.6490522176,130479.35252367528,-0.08612719543224284,0.006125354700756597,0.47480813907073294,0.34847237058760183,0.15005770256854478,-0.1260435152805809,-2.1533986746344245,2.8190454564922445,2.8566986984730174,2.732761724176767,-0.2645098623057167,0.44568100087538226,-0.1557452173498883,-0.041710937530064156,-0.8877313463120204,0.19907250484836672,-0.3858047606499193,0.8769863846839141,0.42667959363736196,-2.4936371831607467
2023-03-06 15:00:00,40892.94193248779,20354.02008918307,270407.0447251998,120326.01535680403,-0.25478973890835094,0.003058467849147441,0.6479174021412489,0.6988544514731715,0.16275720528398122,0.005112297595930628,-2.164036454906072,2.350407957675309,2.876605841039384,2.792756659598841,-0.2960192747408303,0.6963630592716686,0.13372933254538819,0.051676490009287625,0.42218566940234775,-0.8844194155072466,-0.28075914379779654,2.193094461075522,0.742360176037381,-3.285764422514478
2023-03-06 18:00:00,42899.43266951086,22319.150733545284,272253.8595113083,111375.89314871875,-0.26449910406216126,-0.010397030535712525,0.3135709285005161,0.8499751158759639,0.11624286702419723,0.09951349730036733,-2.1701983066771264,1.6336844023612112,2.855752883713697,2.916795538988425,-0.3105998865960516,0.7803112846107275,0.15695883607633598,0.15032509987354117,-0.2556479755583536,-0.6322784644171635,-0.23418016554573504,1.865478506680418,0.9111837489848502,-2.802367054153822
2023-03-06 21:00:00,44283.252791736646,23601.042246451558,264885.0484531394,106668.8005253933,-0.18825326932030406,-0.019888964193770193,0.37845613030032277,1.0969939248711835,0.19804272403067824,0.1285665837932421,-2.002854446095497,1.160807138555059,2.626221912029303,2.8394460467435283,-0.28868254739436316,0.6305646669357068,0.18669136259076063,-0.043656939188528365,1.7659576355572926,-0.46364836271042265,-0.21949359495399187,3.578609220672771,0.9446593660831832,-2.342993295836342
2023-03-07 00:00:00,46931.96610147129,21376.16084707307,310398.54443934583,101361.08851417362,-0.10468769899096401,-0.023015063269536496,0.11577903764936796,0.8120782088336235,0.22009646965208873,0.11682468868305942,-1.5145774940858976,0.6135608840284703,1.347565459614438,1.4735251152747733,-0.47008254061246924,0.6741770170253165,-0.013846847479271,-0.08577400207534286,1.0600724158052643,-0.8825203944079792,-0.3616460793918602,2.563558571232758,0.6324945813447577,-2.192380449620705
2023-03-07 03:00:00,43984.16088618439,21748.323801624152,287782.6126345331,87606.36000618094,-0.3532743056476905,-0.013894850101525337,-0.06075169519186257,0.4229424716836274,0.20128030059829594,0.12883011902123725,-1.5926789418564622,0.5397210027348384,1.5873415698101627,1.3711022328616085,-0.5257793030024994,0.4244875543619313,-0.27900772598818446,0.008096307544817171,-2.289672011984066,-1.0840244005635187,-0.8474571823356963,-0.2829670692880508,0.3161035103087327,-2.107439570173847
2023-03-07 06:00:00,40905.39922012651,21551.041090041123,260941.62898049,77946.16146200162,-0.43867928877816104,-0.017278494915155457,0.09226877489214495,0.5762977803906876,0.21222544279518354,0.07427631470564439,-1.6310703360245975,0.5602778252664206,1.1228011730735108,0.8724254466689645,-0.482809761367211,0.5061197458840445,-0.018978873468035833,-0.017755245453860743,-2.3927047663697265,-0.6552952193516136,-0.6871620999565359,-0.41522391645911294,0.5015447151463379,-1.6996020501165767
2023-03-07 09:00:00,43574.21721927482,21364.81049982076,236100.189680947,73451.98326818609,-0.36155988759402574,-0.02407421437606808,0.057638541704465925,0.4936525045262729,0.2581552299504376,0.0429829063051526,-1.256538555690413,0.479507503413097,1.0716156362337523,0.942127274666558,-0.45300206345241784,0.3657221117181026,-0.07923590164110532,-0.036960815365883484,-1.5565620937240223,-0.18385305041606748,-0.7230252335616367,0.003897807855950397,0.43778299723130487,-1.0993745166509714
2023-03-07 12:00:00,39193.90374467863,20752.68747813804,227319.88775605112,73974.93557301456,-0.3601233819108345,-0.014164890095939929,0.08201182327147402,0.733449427860503,0.2560525310200011,0.02226781585471139,-0.750496182632265,0.46202344886661717,1.1059512852867257,0.9902193761123264,-0.38321686093122176,0.6236287747168692,-0.12535404336357747,-0.05242558802525798,-0.7713621870065968,0.17530239920717308,-0.755694846390353,0.2572455542650287,0.6729209140764736,-0.9381586542484731
2023-03-07 15:00:00,40866.569882621545,20232.417798475188,219438.7664416045,77238.51509106102,-0.10105730049632988,0.07101220799194113,0.076679127567735,1.7480899681885362,0.230419195501177,0.012227226406140025,-0.7220203154331178,0.4901171906188836,0.6047464187803779,0.4805181529695106,-0.23671286226571678,1.6352139795108054,0.4728303228708309,0.1811424435765265,-1.637413476945387,0.1935910253303862,0.21236603486526512,-0.8910149885836743,1.8459929773669816,-1.9679370059092984
2023-03-07 18:00:00,49407.03871868858,24665.36425939101,191951.75665403076,78156.5017201509,-0.09884347411608765,0.02575881689602785,0.03868453016530051,1.353220366557312,0.303260716897401,0.2869336235573424,-1.3119336478437233,0.4152054475129294,0.5248731338221191,0.7515251031778863,-0.4107758609360357,1.329683482145371,0.21855239954105418,0.1968271985640661,-1.836125458959638,0.1650905470895035,-0.1577929745764066,-0.4640328671651275,1.237355124668008,-1.5646507368154374
2023-03-07 21:00:00,45587.301712708315,24483.885287459016,179778.45652807632,80804.4709081943,0.08860793898250272,0.0006247558339357237,-0.009454704008465736,0.7619978695179102,0.26168268296742214,0.12782448857629125,-1.1546459201504287,0.38902307043698564,0.24402259259460107,0.7246362279926879,-0.40034144588209397,0.4831469842385136,-0.9799077011568382,-0.05115171997042597,-0.6459973241198221,-0.360371848032159,-1.1523576893078218,0.4294953610565695,0.5823969051372572,-1.5208474919955206
2023-03-08 00:00:00,28241.032373700873,23560.48710802981,177998.2144530426,70372.46980265627,-0.12406524921182221,0.05277615642669421,0.12321595263546575,0.021352250977609857,0.22066600485583426,0.021746620154186994,-0.899939396417528,0.38541562507459803,0.3140991620275571,0.888739499207046,-0.47670841172191963,0.1055611165341266,-0.9201012014376754,0.1061840398167745,0.11221817149065895,-0.5921619569504037,-1.2120562990786377,1.0130068644845434,0.05301351421350316,-0.8757138803671458
2023-03-08 03:00:00,25713.115761654528,26777.460547501345,182202.36903227455,68013.77263806558,-0.5154547036980976,0.029013597781558032,0.0061103679977616955,0.15981354365214698,0.1892682624465138,-0.02088953394575354,-0.7664869173820581,0.36220961048581135,0.37908680081318935,0.5551688594840716,-0.7315842647597058,0.2730870168168665,-0.25926956204932056,0.21373412404607567,-0.28279338509939944,-0.33747945086594816,-0.9349789304123741,0.9930378679829946,0.3654236038624181,-0.8533922370061449
2023-03-08 06:00:00,22640.80983343555,28177.144187425045,171889.87733489557,63082.91366395179,-0.44960807954109355,0.004687013366966282,-0.046425367902412314,0.22360273461704672,0.12068617132219107,-0.08304727198969217,-0.7368298373487269,0.2350379608385463,-0.33714755868900864,-0.29989128772756024,-0.5716471088501482,0.06409762032685139,-0.17785502475637882,-0.049132754121113204,-1.2105085660925357,-0.3781592938678012,-0.7434622622526971,0.022354718699697074,0.25283023911865943,-0.8832253572258066
2023-03-08 09:00:00,21871.447226916745,25716.1930584853,156055.38400467578,59845.53189052107,-0.45053804249771057,0.009279793759507738,-0.06990245295064552,0.3784277308083387,0.05288361957802562,-0.07269216664169298,-0.4993117453825111,0.17961617026871055,-0.28941095569985414,-0.47386441142667307,-0.5017472832593528,-0.09739648344398727,-0.09441970422995921,-0.34289411573773104,-0.9023209039873379,-0.16162045930733998,-0.5885615725461877,0.1174313368435293,0.09894598795279291,-0.7895668133350348
2023-03-08 12:00:00,20601.34422206843,20770.631287490054,152399.74580876908,59591.911742913246,-0.587376676345845,0.021561837221731894,0.02787208320182841,0.09440571088054144,-0.02182903430908479,-0.05387817277844605,-0.20979938147300758,0.32150524980654216,0.06797196501658744,-0.3962581234677226,-0.4024489255123185,-0.13435158318789475,0.05823706672657796,-0.18167051508827795,0.3491668063392542,-0.20488096518000526,-0.4857487380884504,1.1184707809562782,-0.05494846865102234,-0.5929198426652604
2023-03-08 15:00:00,23129.36786821083,21792.109932578496,163597.38702160367,55420.10304263296,-0.70033585663221,-0.00914668920241859,0.048686261579415954,0.374794809457984,-0.029709147160449846,0.1957557223046572,-0.16195707460799633,0.3090089630044722,0.02273792272173729,1.0714562681569508,-0.49411709871533405,0.7261849807241813,0.10319996638229609,0.20351509671167772,1.1158701636624029,-0.4065877682787892,-0.5765734322918826,1.9294768333231933,0.39170087306742307,-1.0417052791618295
2023-03-08 18:00:00,22830.463495926026,25166.557376462293,176502.54134387698,50809.6159480914,-0.4295325804713934,-0.01341255455191881,-0.023075381901986085,0.9753123803661801,0.0695341346780661,0.4911701716259845,-0.21117490510341352,0.2527369776378627,-0.03600205686760399,0.5920816669545246,-0.5761714932100446,1.0343190877673265,-0.17082212801611824,0.0967166701034303,1.4374661619191345,-0.3442767358811142,-0.6833013977174965,2.1012490293959276,0.5942714333955448,-1.5954014757871429
2023-03-08 21:00:00,19439.609903062676,23881.19000681259,194646.65611905698,47983.725547600894,-0.3374110172385868,-0.00856363271782026,-0.04447686378906953,0.7823549672689327,0.06653887842343414,0.2720419273374053,0.023497942269157135,0.11518850530719904,0.1914307950539471,0.8367176654190126,-0.4522724572154704,0.4984428409602215,0.18730946170308133,-0.12224768909841226,1.5752161877952555,-0.20968973699759436,-0.22520406667675988,1.9336061265537547,0.39662898355093545,-1.1517100733627956
2023-03-09 00:00:00,26876.347868712583,22526.00729193659,210527.2110002545,46280.31762894336,-0.5086065908291135,0.031072411731778778,-0.08551200955984482,-0.05944509452685483,0.12121611930726489,0.02189852509646506,-0.014394838434215518,-0.042057848809315776,0.7548453776247332,1.0333677554861151,-0.5684122831051154,-0.11436781481018646,0.27494030236813144,-0.04209790178220138,1.8664465652724256,-0.05443889561333991,-0.3238099960364682,2.4749600040955997,-0.15451393313730005,-0.03844796183701413
2023-03-09 03:00:00,25378.320434214314,22971.87532831704,234961.90192894137,46807.84540235275,-0.6973370586061807,0.02428474092055438,-0.21047300164762514,0.3828246257518967,0.0762802014776078,-0.09138646649706689,0.11313349672503525,-0.09470195151389656,0.7380530885569657,0.6432747673565861,-0.9263889747325634,0.30097441992311014,-0.0603457489591168,-0.05235417119603089,1.0905937612437615,0.07845429004712161,-0.809678268122351,1.885270324772532,0.39757218013237833,-0.42014138583850363
2023-03-09 06:00:00,25572.87969119566,21395.15719410232,234084.03624311974,47974.93029396119,-0.647869484275533,-0.01148961317765956,-0.3169486212483016,0.3919518295255814,0.04336247860063135,-0.1412526397270712,0.03087661875987685,-0.2083017308131609,0.5362063016533813,0.12771902665029017,-0.9951691478349313,0.2835597256388836,-0.17581698121348147,-0.07448764311643118,-0.6533558235668251,0.045414877639049236,-0.8785385572673053,0.2805856631971327,0.47020643931388095,-0.4551838423216728
2023-03-09 09:00:00,21580.673640003115,21362.942237002128,220849.41613989795,47788.806759356215,-0.5912671071340161,-0.01636347248868426,-0.30655827742301983,0.2863534264903971,0.013547240921530606,-0.11671629112097923,0.13076501350896114,-0.1892969480896953,0.7128658988225219,0.11154291445979969,-0.8031500231328422,0.34797820484784053,-0.08704885866880195,0.04270790929200757,-0.46250315323155383,0.13782793829266463,-0.708226679213033,0.30455721781652095,0.46214109939206816,-0.26578681753105693
2023-03-09 12:00:00,23692.624343949537,22317.648034809685,224093.96813331818,50952.013761082744,-0.9344071748655279,-0.0006983701777771431,-0.17991216020798226,0.35369720404564187,0.01644281715486208,-0.11611940501729012,0.25236447388850747,0.021575840310117833,1.653939140008642,0.6789005161509197,-0.9861858164310705,0.3824788412639283,0.09310236775025867,0.09233322301336523,1.2147385479795723,0.23339332362511112,-0.8584459944479085,2.076693409164575,0.5628482022540744,-0.32179188093863087
2023-03-09 15:00:00,23591.684783408702,23357.339854090817,247087.7687762567,52830.102549658615,-1.2517905357773855,-0.023494046363568537,-0.2857815926843142,0.49633388691713887,0.07741740354450666,0.07336794310799687,-0.022092978434255617,0.08297421917832183,1.535817920817808,1.4243223947622117,-1.3109211767939128,0.7309546421911969,-0.10669841213014664,0.23719322009080046,1.7557385044930844,0.09113115060030261,-1.4594003978156072,3.3154036113890397,0.683653210263511,-0.7739585481794722
2023-03-09 18:00:00,21387.93864193837,27441.021588770975,262017.9198303688,52920.44661404928,-1.4574815062507795,0.025926959240612314,-0.10666544717967683,0.7168240927072064,0.13873201912129732,0.32517752132354427,-0.33133574654712405,0.062063758214098444,1.7827115614505706,1.8728187719652314,-1.3251528413970652,0.8453457544242784,-0.015073954317745625,0.3011364530036075,0.9693962196235306,0.11273612475817572,-1.58536052044921,2.864878919601111,0.6668560651466572,-0.772817173342806
2023-03-09 21:00:00,23266.087370145397,29861.88723896874,268026.72712012497,55265.20284443521,-1.2066511834405453,0.03565230766969625,-0.014803089635385637,0.7337967029530601,0.12972548066570289,0.3293128729355882,-0.3118680494962569,0.04617770585365799,1.9554455952229293,2.047075478369249,-1.1499613950213432,0.4493811689951709,0.3239599049280512,-0.04491961104006299,0.15109974664202766,-0.007779843749199413,-0.9767644515085007,1.6844220692142156,0.3239119113077127,-0.8025573421913031
2023-03-10 00:00:00,28385.472588384277,26470.757990305614,265281.6743578366,52752.40198906657,-0.8770349090470203,0.007005052106241513,0.03250917814670726,0.33666661002388415,0.15271306295997358,0.08789862582271411,-0.17945290239100498,-0.01935519464646762,1.7813901587816416,1.5498515290257908,-1.0773475098514538,0.03971170594871992,0.07523150278708575,-0.2556490319944856,1.0882627987676636,-0.1895784404878803,-0.9475114171136666,2.1122414320589815,-0.013886099899557067,-0.4743806777185895
2023-03-10 03:00:00,24891.08783034645,24339.86814788785,291533.2035735065,51170.308529896996,-0.67863249972063,0.013845268337414141,0.042155423015505226,0.6143756794958729,0.09338601436760367,0.07945208160671871,-0.10408125111612021,-0.02326634222813085,1.39654705767397,1.1537111148186332,-0.9352100109727053,0.40291222306446084,-0.2918028509055333,-0.06841933895361763,1.757873969795193,-0.053341380286413,-1.049976096656353,2.4984322976164384,0.4526589905981224,-0.6022952945386498
2023-03-10 06:00:00,22082.531008824757,24992.900268907473,303251.7521054128,51600.22817488005,-0.9249010165472811,0.018955746355135177,-0.022237197649273992,0.9188926160322658,-0.0012346621968498408,0.08953006137599373,-0.3130482334403951,0.01772241774995889,1.1334003692158108,0.94649439443115,-0.9235746544439477,0.7007725213780318,-0.14003257160777224,-0.01350278321420656,0.31846488067101747,0.2927929265432522,-1.0447431796030684,1.5786513283079677,0.7969040250869304,-0.6660593048882465
2023-03-10 09:00:00,21866.38428361857,24048.208030460988,298412.0449960005,57494.63574323124,-1.2216757999250238,0.022487455601894413,-0.0075260163792988536,1.2647550944692392,0.015593315689541712,0.04175956779612422,-0.5324184484181538,0.10797994477746402,0.7472757133691129,0.7621931196052338,-1.2348210236132653,0.8801996745339857,0.13097565860042273,-0.06806191780267354,1.0578131138656184,0.6964281624246667,-1.0838060014122486,2.8194333785880943,1.132446153268547,-0.6838328932013353
2023-03-10 12:00:00,24911.605234593888,23522.762844369725,326100.5153649101,66643.07648325285,-1.5883553769855936,0.020407072578017407,-0.06298522063478205,2.0302568791323825,0.044442404220645354,-0.0403634464676041,-0.6277347127290691,0.20904982181937354,0.803672001231629,0.5255503969899251,-1.6356076178525791,1.8194355879200887,0.11272414325526471,-0.1044202280853883,0.874712941424344,0.704179600611197,-1.4996665653729566,3.153788251773788,1.945793024936581,-1.598112320975341
2023-03-10 15:00:00,24301.225777932286,21792.7311038166,317305.8445307663,72704.9151164331,-1.551264323033765,0.012210562191977876,-0.07723830875266528,1.186350443019845,0.044576478652292965,0.018592673354531474,-0.9324216873019086,0.19877489654714905,0.7241402162736756,1.0370329752819767,-1.535561559444361,1.112702737081986,0.017514615643853242,0.0008809305452747073,-1.3092898641793753,0.2935297085577885,-1.5661156238502267,1.2516344549089635,1.1564281380186106,-1.1688339397618708
2023-03-10 18:00:00,25289.920932501118,23541.79094414766,297819.8542986356,72983.31818810108,-1.2688588033839907,0.02761317113967451,0.040126624281382056,1.2545892908297949,0.09269963074846088,0.07897967451886964,-1.2432022281571098,0.1399314220371602,0.242396792066415,0.729444367490093,-1.229682536592811,1.2912438469226395,0.013109384122176044,0.10652641530356807,-1.7284415432781517,0.10340891057804684,-1.320835878870601,0.7434928639815668,1.2545228604748189,-1.250985178007526
2023-03-10 21:00:00,24584.38847497129,24093.70167437367,279971.5071959582,74938.54758491891,-0.5875355137016011,0.02711187528661801,0.02473153155925038,1.2957363001182687,0.144573681675233,-2.2630715838502236e-05,-1.1477283737742343,0.05044392601694646,-0.3459566720756869,0.11090657559904743,-0.7889723660473366,1.110398162583474,0.029068291307883017,-0.11080348622014366,-0.11761008687498462,0.035553745920765156,-0.6759290287823331,1.5929222690416003,1.1578435693273454,-1.2858949486551996
2023-03-11 00:00:00,25917.79602475139,21148.435641792556,295279.47642213595,73751.27909998961,-0.6963804427149486,0.01573030900422008,-0.06153138302710403,0.30345751934801496,0.10144555602277659,-0.08762682315788718,-0.8492058009786632,-0.04429386670890012,-0.7094118009716839,-0.6563487304908228,-0.8651897403879918,0.31923874713434713,0.009890418332265654,-0.11695915446859595,0.36295150128258413,-0.20009125290180102,-0.7722052714012394,1.9700691280033,0.2583948790330861,-0.5207862885680199
2023-03-11 03:00:00,24798.021510948227,21567.383937852,287811.25962366204,70616.57652224001,-0.501466457837037,0.00946662743087725,-0.0309563427690029,0.16459444433731646,0.003294231134984636,-0.08015089507638151,-0.3914520814957369,0.0196226908958185,-0.7062462481599387,-0.9256696884543236,-0.5336799680536126,0.2005091673929745,0.16780612657111035,0.09852540242977503,-1.3556696907244004,-0.21086375611239622,-0.32748793497003403,-0.4317948086226235,0.3338041144125957,-0.4260372341145341
2023-03-11 06:00:00,29542.408358687375,23276.584334275696,265997.0111024889,69196.62196796185,-0.4038333360339403,-0.013828184050234765,-0.13377789617919034,0.3253630481873811,-0.08030336611643929,-0.003128851994869913,0.23921777805400046,0.055216613910590615,-0.9958722196655213,-1.3402887931030787,-0.44375851385288295,0.2125222140857728,0.12474831373614322,0.03282178202093039,-1.5999532638343037,0.013557014853249711,-0.21260984023159257,-1.3015598096751733,0.37514186625341617,-0.5008005434239123
2023-03-11 09:00:00,27492.58508764892,22276.334429504095,253252.26912484108,70909.4080430702,-0.3800626815507776,0.0027284219633692394,-0.14751436579760085,0.2713379257888362,-0.1294958096450917,-0.015610167743759867,0.7477979326994546,0.018300446993866626,-1.1788003329037693,-1.5586356569601294,-0.38127161802350357,0.06420327287607035,-0.0565377318557842,-0.06906917797971851,0.09690306537524587,0.16316490724179689,-0.3043761817981009,-0.12331781997583025,0.2151504935895083,-0.2739878313385068
2023-03-11 12:00:00,28321.193350602436,21784.690089913776,268090.1173145942,72720.98396438466,-0.5216814076325429,-0.012924733637068846,-0.08011967714457635,-0.17140599033678808,-0.16625882361393296,-0.0701180818993912,1.6934553227523217,0.0924585937701228,-1.0408476686247763,-1.5527922096275286,-0.4230129577839079,-0.10934824636938312,0.0980863498397196,0.05171688366746787,1.877118534154153,-0.1129107108592938,-0.2702609678159592,0.7854642961789506,-0.036646291132860165,-0.11408299143720488
2023-03-11 15:00:00,29611.250244186864,23393.4191167214,293798.0294625708,68470.53668850946,-0.2425890271606679,0.015414619433036668,-0.005028633351852132,-0.0992878237056724,-0.05093914446958515,0.02087279049271578,1.9754041157777114,0.12230089190645888,-1.2778042363160782,-0.9062396262267967,-0.21083319913822948,0.18271947562809207,0.020919115161180984,0.2940189421341768,1.389498801298711,-0.43084984887830347,-0.15531614809686511,-0.3382876539664803,0.1584437085027519,-0.45889155043094204
2023-03-11 18:00:00,28773.046238083945,28135.499240011995,298103.2914226464,63414.62722861331,-0.25598789034120895,0.0007318298761433296,0.12004348032356296,0.4025423305863209,0.1870427334119148,0.32511858919910624,1.5248298558628672,0.10633023951151271,-1.7394358505251657,-1.1338709706466583,-0.44513312281696,0.39263042099957646,-0.1729663820790842,0.07560356931627481,0.1586217134220378,-0.3487761018209851,-0.6152651759560646,-1.2302637324231833,0.15229548082734612,-0.7376051915952557
2023-03-11 21:00:00,25875.176391278645,25026.456213952937,297224.2584724868,60936.97288917618,-0.4031609209229245,0.006550407834723794,0.17196376725038443,0.43314658225835895,0.053848936553627436,0.21057026219783515,0.7876669170557737,0.07869830360361701,-1.5612541901802732,-1.0036873094576073,-0.22964092899509436,-0.12866862993670006,0.18421307404487414,-0.3652355976942789,0.14436716681305337,-0.2080205244077519,-0.26624637559695397,-0.41210259657018034,-0.14920968546847885,-0.5479016430193435
2023-03-12 00:00:00,32752.048637453227,20246.41032981557,301221.6222258083,58921.38390140587,-0.6583611409403348,-0.004161482259684219,0.12247222372215268,-0.008574062786025282,-0.04735027789518932,0.1440132009246936,0.4686428839314222,0.09173113351771489,-1.1360865679549021,-1.175970108936791,-0.24049538227159759,-0.3280805974384377,0.2650402144009685,-0.2259973544084906,0.6539223117738288,-0.34527951178504335,-0.35013213090386125,0.7211683450605886,-0.3744231358595253,-0.3059643587945803
2023-03-12 03:00:00,31600.045022339564,20144.91335872954,311348.9804068015,53478.93543461924,-0.7589424216575289,-0.007324647037312648,0.07310324879808801,0.020743972878566226,-0.11347519742833428,0.15806874804544058,0.3017579236549004,0.025591324614541312,-1.5000948083456485,-1.8290485442411102,-0.7159941856035904,-0.15252511249569234,-0.23264286720202781,-0.029359657062476698,0.13860797359265606,-0.35794483992965304,-0.885434738468535,0.5226892227971965,-0.15935978519203842,-0.3311768886246726
2023-03-12 06:00:00,27726.962705889426,19612.241737266075,304215.5544554097,51189.77535892536,-0.5026307471084706,-0.010704580971292508,0.01265787651961414,0.2937013416602105,-0.10344013170790389,0.10058753859396606,0.3294706403349001,0.03672441060861782,-2.0245030190344275,-2.3060041035012477,-0.44015707161755246,0.08055373449836485,-0.19201061259286167,-0.0860486136939402,-1.7445617918252943,-0.06499013663290532,-0.6019058089647208,-1.584059561571338,0.11776977034359674,-0.3827580123821195
2023-03-12 09:00:00,27452.61579033375,18286.26330294043,273666.44570337515,52075.14848334849,-0.4741132294143088,-0.023288729394521996,-0.039815331515477496,0.4609856906043365,-0.10112544912750936,0.10883930617045437,0.3629624909124889,0.0883416930933877,-1.918441624008786,-2.146512110999346,-0.2176017720433971,0.14140662340846524,0.30760748636351243,-0.09612284847436008,-1.6872958533256261,0.15250711469092393,-0.088669023317809,-1.536329783308329,0.2793122653540441,-0.43663560052227773
2023-03-12 12:00:00,34371.284411341294,17535.988210219897,267769.9640235762,54483.92903624932,-0.6592079575986022,-0.02418179668789728,0.14800932653511695,0.23624630860167545,-0.20184513692419465,0.1009900267430049,0.5950439277532867,0.09139011367439354,-1.5616406975059325,-1.9664413288188407,-0.17632792889149312,0.13553789678390432,0.36750645700950774,-0.030116762811287993,-0.6819138073987967,0.16684101273502905,-0.11403816035279707,-0.7657591040885983,0.12932131573527983,-0.012786083005922988
2023-03-12 15:00:00,35390.75526173912,17635.74122621661,258937.10746356114,55678.914358425114,-0.2586242845795901,-0.0161819027501663,0.05540345124672873,0.3600148617935917,-0.06272851282618742,0.2056342148214144,0.41480204812081944,0.17369767680355275,-1.3782468462714268,-0.9050468860765013,-0.3112612137040485,0.2813548978741899,-0.04953536200401585,0.1596972771701291,-1.3980356976960764,0.1435801660328323,-0.26161303650758483,-1.6096169124840345,0.3302598268924727,-0.3347289213175834
2023-03-12 18:00:00,33301.32059205455,20985.449397094686,237572.39295334092,57585.2606225585,0.1130245535952598,0.02582526099141478,0.019307624711949068,0.4976848092169375,0.26094807995570524,0.20069242292080502,0.43047947427040034,0.13484989454131913,-1.0555865280667915,-0.5035802232087982,-0.28924668462273434,0.530054395562142,-0.3442457585804198,0.12687668989356485,-1.5520485154356236,0.13836608396792682,-0.4663440239494504,-2.114860168013233,0.39804381519828247,-0.4748609950783807
2023-03-12 21:00:00,27955.04687640205,20376.27772791761,225412.85953015168,58667.621772132334,0.01738853644833549,0.011898658542895584,-0.07078140868047222,0.43528906854342136,0.23219783905377828,0.09902762307443591,0.3154955188616274,0.07585001010777259,-0.3671119524263246,0.32350374272492494,-0.256669560726004,0.18738747000514644,-0.4096060946959359,-0.19641891370650363,-0.4158627545824277,-0.01284296055295036,-0.6125167387584831,-0.6779654012119184,0.12794387321958622,-0.5947634478846165
2023-03-13 00:00:00,24453.828946622336,16742.800861034208,228589.7574543605,57307.85267461477,-0.19693340247130817,-0.017643645266398958,0.004737528608769402,-0.05559636713308204,0.024244778174351736,0.034020915662165196,-0.29119999595014046,0.1381461918462256,0.3302465578597688,0.795031245693163,-0.2861789719106083,-0.07440987869025148,-0.22267824372322256,-0.1626727457843799,0.0841464059799155,-0.23697305820732792,-0.4615000696352814,0.5675422757925948,-0.23464638331322818,-0.31478535431170207
2023-03-13 03:00:00,23145.196811980444,16862.546418975006,227230.42189931785,53549.00371485405,-0.3841357392884834,-0.011280309789159195,0.09204622587480368,0.15722024425462328,-0.005990789211753465,0.06805162558038481,-0.16144161463199558,0.21593459131623743,0.24481023660154172,0.2368157495752657,-0.4089645621213821,0.18862906583225217,-0.06813382578310345,0.10906286830367562,-0.8406590636892279,-0.20807935533664054,-0.45755908564899256,-0.38712793564355263,0.20951179676707332,-0.4891879650326975
2023-03-13 06:00:00,22982.1383097073,19098.5588163936,210431.52167867316,52813.33859934333,-0.3141596480583628,-0.00480936544701113,0.010706951591267968,-0.015271280914335793,0.09490979833422152,0.0013515499355541537,-0.023860371962086402,0.14128940550725705,0.22241662824075814,0.39687143024055227,-0.39348553162072164,0.030947521275964437,-0.015058412605793044,0.08610941256407977,-1.4230368102891158,-0.0043674590925487184,-0.42893722444538845,-1.0957237418599344,0.07429594716120096,-0.11967863209420201
2023-03-13 09:00:00,22819.935099695314,18722.50973035913,196492.82679707295,53454.666598455,-0.12230382760948523,-0.014360294740070388,0.009591494129854496,0.31045347093903863,0.07358626651734107,0.012198182694934837,-0.028863542104113404,0.1705641474751235,0.8890489650726308,0.9262856667288604,-0.018718621676500607,0.038598423741279884,0.37143925779675574,-0.022093213575917953,0.17560981342014673,0.04953273482270695,0.16118886892985906,0.3171856890038909,0.2905223694082562,-0.4218933894616007
2023-03-13 12:00:00,31005.226278117225,18621.345403153773,214224.69364854833,53883.2456715138,-0.14046153884981283,0.012493002986414634,-0.15150797634442392,0.014737929238504501,0.0289206693084766,-0.040030813219388846,0.6689395548117725,0.12545853174848035,1.177997594232473,1.065293628388207,0.12756409695058402,0.07150825698352936,0.36754029678128536,-0.09491783303246798,1.0635864293903647,0.1512944002145893,0.2106510916094106,0.686616389772829,-0.05264209356098926,-0.14041003711681949
2023-03-13 15:00:00,30758.805510171078,16672.28453685782,219466.29367190483,56722.62564309013,0.06836509158209267,0.0121626816296541,-0.1997170337693125,0.3339696486482457,0.05626296107135519,0.0610884261723928,0.552550239461636,0.03716550374730897,0.9545184059709453,1.0522384665406936,-0.09187754372276816,0.2023842448655995,0.11703267286667074,-0.06061126733379701,-0.37980738490649757,0.11186278117489969,0.1412974850070623,-0.8010056821809137,0.20010727351240182,-0.4589894049899675
2023-03-13 18:00:00,33533.13201203731,17312.142028743758,206020.85413456798,56299.48174489164,0.0034704505533254965,-0.020635251234980223,-0.2989733340858902,0.6329849530755297,0.38821599484373714,0.14919589439595782,0.20982195431286177,-0.051201485655369305,0.8331244404913589,0.8444170461240578,-0.25157916577449624,0.629338574873264,0.1335738332636841,0.020264900293338575,-0.8348284980737595,0.12900688046669764,-0.27180696226170775,-0.7491475688540565,0.5246892102078907,-0.751749921039353
2023-03-13 21:00:00,33644.000308666655,17110.006383193933,201433.99811351162,59509.174261170796,-0.07228264881258904,0.002517612949917234,-0.360690951679461,0.690758526305595,0.3294707163968268,0.046829078402000845,0.055768755348073185,-0.09639023511870431,0.9888969717443725,0.8939949464509467,-0.3259683131715187,0.5397394825096179,-0.11135923904405023,0.056554019738590866,0.5523494769098329,0.2145410625699016,-0.5105949913035488,0.9295543220538098,0.6979658546922678,-0.7405181802964502
2023-03-14 00:00:00,31127.772448685828,18533.70885509732,217951.60283582038,60933.56869640151,-0.08893521095264055,0.026325007624766465,-0.1572009254555226,-0.023873833880004698,0.08351467356944778,-0.018448428268314984,-0.4312845189209581,-0.10195702506948146,0.8213755849203461,0.3832351116436264,-0.22279066778366996,0.06791034262277132,-0.2975438422735545,0.09767764743754251,1.2736122214040275,-0.027532076703317015,-0.44366871917087636,1.9510328767331488,0.06592723420108632,-0.05890214320935347
2023-03-14 03:00:00,27217.053315557878,19219.84356784485,228944.02209583862,58914.48140437915,-0.2936166802599184,0.01736192840094119,-0.17308580759663816,-0.014099306423086277,0.1033429970203887,-0.05848932775834459,-0.3558828228406843,-0.07836638849553114,0.6218246885273508,0.17737631162687764,-0.3613233023319284,0.09668319262818156,-0.07891700748717624,0.06341952327186509,-0.07570449212484096,-0.060357054520436576,-0.4585147563665421,0.7468808185723999,0.09044761620618222,-0.14097716719845732
2023-03-14 06:00:00,29423.16508696282,19903.570557769606,216316.3858059238,59629.85631876008,-0.3759084357813925,0.021517566317368265,-0.16616892111811393,0.2482466336238328,0.16573352363402977,-0.05344432494440866,-0.3045728750549487,0.01532105750024753,0.5294405703157408,-0.011249809072792827,-0.44205393384815567,0.28076410516991007,0.08995143140526327,-0.005902470504825875,-1.2630365390168918,0.06703867553310644,-0.43017296169279073,-0.41638630706243684,0.27427092174604734,-0.36269793670908784
2023-03-14 09:00:00,29160.004233911564,19092.350204940612,201662.43285307375,60362.51679589425,-0.19147181237533714,0.019999907640053865,-0.23655810518295428,0.41049221530885166,0.1635408783398723,-0.05602104677334269,-0.19185817566385688,0.031567872462407484,0.8443900506017927,0.18643242211261057,-0.1771627653800877,0.304280337958617,0.3918581012279315,0.04118068349817922,-0.6161087180205667,0.09287579320115313,0.05684531815277594,0.0037793752015816695,0.4876940379403197,-0.5857423997530603
2023-03-14 12:00:00,37887.30007348614,20793.073321330277,203008.43749667957,61635.97345190499,-0.2142114770108574,0.04074051649493119,-0.28197813486062706,-0.05614760438401703,0.10013121691148605,-0.041383850081617594,0.029668568514325644,0.03811785112704878,1.0644616755008023,0.5713180033380516,-0.12311654260229296,0.07678996845612385,0.28335632700603075,0.022604874620238594,0.3169868887193122,-0.013466505818463433,0.009754149578618476,0.783507932076471,-0.03289939617709204,-0.2774148874221222
2023-03-14 15:00:00,35280.50089724183,19580.615496737766,208509.3496494109,60071.64027021544,-0.12800559679651757,0.04884966079500361,-0.2170648639879247,0.05278185596529966,0.127691831944161,-0.005208257517796038,0.05246780808283297,0.03466953476212438,1.0400137497993562,0.5132968696541924,-0.38285851794977926,-0.06529863463015528,-0.19039712953697813,-0.05025482533444406,-0.05701925120838159,-0.1386056695871563,-0.3972448974826531,0.2355834014932277,-0.04111437264635197,-0.443121924302505
2023-03-14 18:00:00,33774.722075487414,19707.569094106286,201776.82167057853,58642.09098882241,0.057457887435833424,0.057113374641315974,-0.16895278795715987,0.10584609422296576,0.3366074057745178,0.08175847210649974,0.07654162475956106,0.015383124170908563,0.7611353612986548,0.141734869754795,-0.36025928927292633,0.06704958943902148,-0.26819680200280177,-0.00545123016376608,-0.42013356250144746,-0.1258523733420127,-0.4902329457001702,-0.3851802867396821,-0.03847698268861603,-0.4160343796930469
2023-03-14 21:00:00,29487.44997398131,19462.86892520042,199434.46469937963,57353.22900602796,-0.09522976433186106,0.066098981254441,-0.1624829026156675,0.037256472509784117,0.19822759926874278,0.016795299352886706,0.2372170822537567,-0.005485699314860778,0.5686951956417458,-0.06633102302464478,-0.23603688364411665,-0.15090809908070207,0.452366686050051,0.03957143055784231,0.1963489840694092,-0.11466749985747945,0.22500830370388814,0.2168445687631811,-0.0060663775397012745,-0.3089211756680703
2023-03-15 00:00:00,43545.842494168515,20562.31199415568,206017.95972647777,56165.272991900856,-0.08063413913384737,0.054103916444399734,-0.21379031436313986,0.03854634489404187,-0.07810629246544051,-0.043174357784509634,0.7988370091941519,0.12162806565429898,0.7750371612419953,0.03173845868908687,-0.11250924577353498,-0.05331984020962541,0.19205343089925378,0.02753545675904981,0.9617935034724777,-0.19846499701439016,0.24362950067524666,0.457380947775313,0.05515224299320158,-0.5724297219258708
2023-03-15 03:00:00,33635.80408140519,20057.634791195895,220209.20437438515,53066.385070517135,-0.11770147386000226,0.0234526267472362,-0.18969759161026278,0.12213048988534345,-0.1185368722844733,-0.04844793324150447,1.2149676419112343,0.054765900619964836,0.35018590423282486,-0.4797628977542533,-0.3387625363400706,0.14966596915238248,-0.5946168528998539,-0.007768623423283114,0.14845440165884444,-0.23639500382518505,-0.5703288277281466,-0.7591141747821248,0.1393571729563286,-0.602988985940756
2023-03-15 06:00:00,30702.11847153167,20394.509728212764,209224.5748023088,51059.14090927686,-0.19301585422396772,0.017546775830704187,-0.1031599493690737,0.028903634965687184,0.056580462948039284,-0.014919521737579513,0.8262611605148467,-0.026901562374287757,0.30233416709018995,-0.43337130768124715,-0.25488879136822007,0.06430354334987605,-0.2066572011245393,0.009036834342268608,-1.451812990307731,-0.25973932936268185,-0.4387067424658422,-1.9818983472295362,0.03531321521483112,-0.364901351323155
2023-03-15 09:00:00,29172.008537115144,20252.830412988897,188850.04378373816,47456.01555628321,-0.021588239519803896,0.018311395987017663,-0.11647200046529348,0.01743597010287322,0.013640928640787284,-0.03251248218925414,0.5246867156838357,-0.048834207320535686,-0.14015663798973305,-1.039588292338405,-0.03316102682338986,-0.11169176792044844,-0.23425110005106473,-0.3366716947832982,-1.2946241735856543,-0.4197423250341776,-0.25116887222463824,-1.6812506492843926,-0.3050346384781885,-0.5048160882818086
2023-03-15 12:00:00,25642.294710428672,13122.401120893523,181260.69265285868,41992.70668853862,-0.14867442356000773,-0.013282421559211638,0.01788428925738549,-0.1074494102446561,-0.1350585423583519,-0.07529033862234061,0.4268198303719213,0.021572918048710137,-0.12438856438278331,-0.9539825761205666,-0.0503864783490819,-0.11177305312468244,-0.14166010407797194,-0.27579719493480426,-0.015133073923244849,-0.2844874757710921,-0.16855840683883938,-0.3111627699925439,-0.29467384499790805,-0.18072669431776067
2023-03-15 15:00:00,26112.15028903095,14295.611002397125,188523.16938699607,41311.08607962762,-0.03052047076496924,-0.0004967355772679885,0.05931411350416129,0.057024947666685644,0.11008346283948173,0.06904153830251628,0.33284414683184244,0.02259941154811855,0.03502133408784033,0.24210149358799798,-0.04195651315511978,0.3241572608520453,1.294816552217017,0.3786424740722936,-0.7392924868417106,-0.19688028976351976,1.1537158830352978,-1.100930276412745,0.367122619013731,-0.21719053547416267
2023-03-15 18:00:00,53610.33223831624,21301.078560855065,165291.97493707773,37740.0924296466,-0.09614740467316504,0.055793453556389504,0.05004243887620247,0.22355718790849827,0.5600860418201604,0.004497887099209147,0.40020227811880804,0.007411099074411974,0.07268494807662859,-0.47171098219978036,-0.18439769851571536,-0.07629047027316181,1.4010483546634849,0.23582523242332382,-1.5218914065909632,-0.2482054772709021,0.800608361726549,-1.8759887189128088,0.39909107967622337,-0.42913132537760984
2023-03-15 21:00:00,56374.79474976222,19389.43602274092,155650.31500463127,35949.84777057613,-0.09333468769168705,0.06469236734564048,0.03549182030310296,0.010725823411584649,0.613155523137717,-0.04955999589187456,0.28451980016233336,0.00988590526505019,-0.1989462405521394,-0.7349975768027214,-0.1514986587087639,-0.22791069647023737,0.5390320011252613,-0.11274646543159886,-0.7014912460246261,-0.10509195170309323,-0.10276584235850239,-0.9281681787983753,-0.1171530134737801,-0.09021186007662511
2023-03-16 00:00:00,65253.42346262188,18865.75490753253,150139.7640229458,35470.10627285978,-0.14811865626249077,0.0574425151987931,0.019929192167121895,0.07725013115326934,-0.32978180059216766,-0.03617414577424173,0.08111270660394743,0.04136067730172752,0.23101821898756325,0.004694703641881348,-0.43148729663438246,-0.05178679243560501,-0.3680342250280662,-0.13560404696911688,0.028601486427255116,-0.1391037692381606,-0.12892856549959614,0.07567824391867659,-0.0796222852403989,-0.23778538552603556
2023-03-16 03:00:00,48425.25548915599,16460.388608207995,156268.10711145998,32945.20635503186,-0.11372893962807659,0.030208071735046062,0.04683071959085428,0.06834085832528695,-0.19073703956469387,-0.04678133875350594,0.1401863183737242,0.060802216735646786,0.4820873654225398,0.2239290793702148,-0.43840489963648155,0.014219961168481995,-1.281293251375623,-0.1255459773341207,0.22630960525408295,-0.10143735663931693,-1.1740770797039595,0.1530215069175811,-0.04063185199037387,-0.1837497121093964
2023-03-16 06:00:00,37577.489232908425,16153.961797115522,155028.051496434,33279.05936945054,0.04899714316810957,0.025336992055711875,0.027147936622136513,0.13244127490066399,0.12949113053023145,-0.000293889029511182,-0.30677473722957116,0.10006809703558747,0.8503809095045913,0.6700331484858273,-0.1376442658995439,0.1047522059579123,-0.7419637503775576,-0.04300138786341912,-0.6230532505977344,-4.4542042805578263e-05,-0.7971207456839676,-0.39242359315840936,0.06439678401104416,-0.2054059773569205
2023-03-16 09:00:00,32398.83848100075,15531.558630358142,142810.1568985489,32944.24424690726,-0.058424032337215756,0.014983800633305705,0.045907200716624574,0.13999247825193595,0.03697694227031173,-0.020415060845254664,-0.3473198426978653,0.13578617503394336,0.8030360776897787,0.47156197467980143,-0.07395251537916288,0.06266518207958115,0.1235648239148038,0.0461437409820092,-0.7218073598439123,0.13977702395695613,0.043147649940582025,-0.36197068552545586,0.1915674794458941,-0.0900944286122986
2023-03-16 12:00:00,40246.48942946819,17150.66660232692,139437.0125238055,36298.24308692079,0.0038298117416712047,0.022874957923539406,0.049219012880100256,0.04469343694744855,-0.11408146906611394,-0.032381665722393004,-0.47290209471518263,0.15208455594290404,1.5445364110862545,1.37718317155991,-0.07839682972502707,0.050728271235648645,0.15039193334188794,0.07272182616662702,0.4995835611097869,0.18432177652944962,0.2911781720732125,0.9194368312031981,0.12692197091292917,0.036762796519197255
2023-03-16 15:00:00,35647.30424118553,17102.350075557286,153601.1618185203,36925.594619943375,0.09767699077922981,0.01832617713190502,0.0767469981803404,0.10382793822998146,-0.10201118271600146,-0.013572647195975795,-0.48014871629794187,0.1624140030126375,1.8250982724074332,1.7348807188497801,-0.14003548786213899,0.015285396674118407,0.10515436795918268,-0.009376304815361638,1.2108525956464466,0.0408374321381234,0.32316871858631896,1.5165773229848183,0.0896981034786906,-0.14865751092415513
2023-03-16 18:00:00,42517.82377738653,16948.13841831511,165591.42858976874,37180.331621104255,0.14413235541397562,0.01891487995387422,0.08272599204774368,0.029868534408458457,0.025105735505546137,0.017330135546489333,-0.7508041960241788,0.16772678286063744,2.0395410073974265,1.860155967195062,-0.02894584935912119,-0.06615454933979595,0.40138998902424916,0.007927514798618715,0.5975587116467203,0.030493033859441614,0.5393314888865528,1.1215045602091798,0.001551033706713615,-0.0843762913619106
2023-03-16 21:00:00,44317.32800410931,17273.58439520745,166508.42999008947,37584.24415130731,0.08500968594309465,0.024846928541091905,0.054250585255203376,-0.10970497467851646,0.006648878234836363,0.010975306694979339,-0.6865025643380571,0.15621292731007774,1.3533968710343585,0.901116931748732,-0.013227761195130305,-0.1331987385046262,0.2724669242932716,0.16586719345426293,0.5500734824672286,0.12737093976476932,0.3756746605426218,1.0973157756069878,0.020339983539675217,0.13511357238841143
2023-03-17 00:00:00,48403.1093421212,20530.86979692719,177473.01581106088,39931.54392002327,0.14110804842598546,0.018181408383272805,0.08979010026549669,-0.10189489096937573,-0.3234961223011788,0.02199156112573422,-0.857074731825499,0.2389337854943578,1.9491632234052199,1.5547941439168516,0.07062479506660654,0.012402838472343185,-0.43447637049390725,0.15207248998900233,0.9621883933568677,0.17184112843872654,0.04830920861652982,1.5883649764908845,0.010004629510619562,0.12459233417924115
2023-03-17 03:00:00,34932.63840144091,20558.3501789699,187291.6992865978,41296.01252558381,-0.03617814871244879,-0.004327584068940772,0.1205209758479615,0.05321794684123912,-0.32914084559865775,0.023509027463993075,-0.6952529560952228,0.2811135498199313,2.2994349163109393,1.9713048288207622,-0.07873868512931897,0.07576283135139891,-0.8624905397670025,-0.014146626348011624,0.9595344108855554,0.10250630151016729,-0.5738554269497342,1.5704445398452653,0.019889877098175197,-0.11130421930304163
2023-03-17 06:00:00,29773.313683153945,20225.302667810138,198198.95908618887,42145.680032642886,-0.06162003972982613,-0.0179926593978385,0.11490306292912851,0.13658307238364178,-0.07951570425314539,0.03151122993866851,-1.1583472211856733,0.2642111847896887,2.593228733538025,2.361503850184206,-0.08275452431746894,0.16741528226609687,-0.3750215327184927,0.022837969868588954,0.30120070183516534,0.23988144306796838,-0.3751185275930119,1.4062648998215364,0.14590247171140075,-0.04600975117623357
2023-03-17 09:00:00,26832.17329472147,21051.65032813142,193797.63444623738,46477.45169585192,0.018229489071291908,-0.004135577802346687,0.13970008994434643,0.01947192197145681,-0.1113929634989047,0.0353063425810243,-1.2409264051624336,0.2743625036029905,2.1824843081292684,1.721821879911006,0.027552347896300844,-0.00913312985048219,0.1327407939534903,0.06677704562970407,-0.024609441788147873,0.43526488844201394,0.25822766872134023,1.0583873843586473,0.05507820282248327,0.281130552811913
2023-03-17 12:00:00,32640.514832549336,21667.686853411746,197667.39514356488,51547.40162299039,-0.1423043757760857,-0.006620875039532504,0.1881580491408183,0.18495641669364773,-0.2664179562073391,0.015104966393309131,-0.954721184774749,0.3410923942883445,2.3671007246280484,2.0359045946937173,-0.008466710133362912,0.13488496569235756,0.3727061316478591,-0.03475244102994111,0.6055662664386869,0.3449199861902394,0.49019883703958,1.5144337778487034,0.14171988430993,0.007029224349065499
2023-03-17 15:00:00,34882.625738315226,20300.997601884694,206877.86580131302,53927.723397561094,-0.14731970393909286,-0.00721954421940493,0.20533995551431058,0.21556879548164257,-0.277800755803427,0.014798964599940127,-0.8825956578601952,0.3625349575165404,2.6725686213355644,2.5702777660326706,-0.007270045522788177,0.008598474415688583,0.337758595723303,-0.10965689151302101,1.135054821688799,0.11352505811164654,0.46102010336823224,1.9596302279737765,0.09833248358808637,-0.25923873937222586
2023-03-17 18:00:00,39936.10050017268,19299.097996730492,222184.57929204294,53999.54287820195,-0.16338944175908893,0.004504434989992335,0.25340531053426546,0.08754887060278706,-0.06149690606434827,0.0331258886401859,-1.82809924229377,0.29713879914894575,3.5943875965550607,3.264681245194909,0.04663275166189331,-0.011861650108394087,0.6881087930305994,0.0016535320470592086,0.18590842198133167,0.08554872255021985,0.590720692325851,1.9239917954999253,0.05157207901966803,-0.0457336366672475
2023-03-17 21:00:00,49745.77566777617,20336.713894101173,210893.48771610978,55775.57580464584,-0.08012172304960952,0.009834545454183078,0.3411331010047891,-0.07570969402651027,-0.1457446927677318,0.03699028059902723,-2.0840641490247873,0.27488255803210193,2.803751146905433,2.269380142659675,0.14457066368044774,-0.027329418408074922,0.22645967197848155,0.16014668390989537,-0.2784782382997609,0.22599391485525808,0.3019171871507869,1.5445745327698468,0.03761216383017478,0.36795415185445557
2023-03-18 00:00:00,44827.62941490788,22758.26636918423,216169.4493447681,58881.011439075526,-0.021001470048371385,0.010249326341912652,0.3884844703166676,-0.02177886791355463,-0.4335092681499205,-0.015404163325066639,-2.2362830233249316,0.2884074422352583,4.673588416588994,4.212428385964743,0.007701621905468753,0.1361676150268581,-0.8502519839687488,0.145507525306686,0.36327273952855277,0.38025784555762215,-0.427494859525287,2.232072762585188,0.12888349437628538,0.502113741552586
2023-03-18 03:00:00,31380.3328140512,23479.67644072559,218740.17888992652,63989.14526869048,0.061562985713738354,-0.0035756873335118337,0.4785677708917793,-0.010758348319713978,-0.2669283173469323,0.0586886825159104,-2.0609846413469572,0.4295185493944304,4.948524557721734,4.598537385982852,-0.09321947097349119,0.12384823297862696,-0.8641843926065171,0.07538102805535059,0.9932531993284512,0.2791314587509044,-0.5392687768793585,2.5141070840698907,0.00950968455323805,0.33893902856796726
2023-03-18 06:00:00,26161.24653460711,24386.496575179804,237623.71845026265,64910.25094809506,-0.11284294831223388,-0.0009737428945104792,0.5242411268841627,0.01033630427237144,-0.13690237448055365,0.08684998795315181,-2.516800861017515,0.3867409080740748,5.027201320168405,4.562395290280417,-0.181099931058534,0.13662668282962484,-0.3002446600791513,0.19546330239500515,0.5213092152938528,0.16874252749535354,-0.27715897680534196,2.626711897739439,0.11992336160873525,0.29590644203307004
2023-03-18 09:00:00,24895.04815634153,27701.6837724577,230000.45794027374,67633.98386259012,-0.029743474881163568,-0.004534636750421999,0.5474959129956084,-0.08577870612455028,-0.09514379793840554,0.09758845120022151,-2.697960640080395,0.354818880627204,4.286598433327053,3.897248696423513,-0.05218031936449416,0.13252339714736264,0.6023035166706951,0.5020910440073629,0.14355760321200284,0.13199330887072055,0.6631692029775151,2.323765805177953,0.3232585234330131,0.41044904736367516
2023-03-18 12:00:00,39171.00249469413,35231.66312573884,240724.5626796419,67761.30641970263,-0.16288608205682767,-0.0064308350137465345,0.6052360868482397,-0.03329949182610231,-0.45209590944077926,-0.019038969265316133,-3.202791932096211,0.28823922974981564,5.643512386709395,5.101650468117114,-0.2370144369818766,0.11261914162819142,0.4874640154986365,0.3851029133519409,0.27266894787332235,0.22620315896191204,0.7702430078688416,3.0331108751781213,0.37727322580490125,0.5764995078864384
2023-03-18 15:00:00,35424.27089111208,36019.906700859625,235890.1072143375,72519.97209616742,-0.1614977831122918,0.01815993341630013,0.6681605425919421,0.11769382376611062,-0.17573463570082723,-0.002073783016621658,-2.9951703760647126,0.2826888101687224,6.403780572927036,6.053255039623724,-0.06622151273128786,-0.0582219862224871,-0.003584523503704986,-0.017394204412315352,1.7780595139232538,0.38776580371406455,0.028812262501130587,4.266567130508316,0.0842134689541168,0.6555437123711737
2023-03-18 18:00:00,39093.5767870141,34855.94831043283,279130.6481803842,76137.04777992642,-0.25060879591263435,0.028022640707954682,0.6420037093759988,0.1982142703478673,0.16802814727578919,0.14085239060276594,-4.649872265099656,0.17284614837457413,8.396402178886147,7.6422949376968905,0.020972245330767705,-0.18165088827086154,0.501353798962743,-0.12453326697430081,1.5483417510240758,0.2934189598420609,0.11073949648227416,5.806819102660368,-0.09519402793715415,0.5643622504956183
2023-03-18 21:00:00,46253.51294870733,33329.98813421473,269334.28903645754,78857.82162875593,-0.023646265988129085,0.0414509701509775,0.6932754321985806,0.22398441477816733,0.007229880291651614,0.15301784896668175,-4.704492169914643,0.17892148042116052,7.07721988056787,6.1851296911963605,0.21443758534765003,-0.18283300076294173,0.1720233041221551,-0.11540988366781979,-0.26503600501602503,0.13456727864495135,0.1825981279933519,3.769826998688167,-0.08589428800731169,0.42493681564420405
2023-03-19 00:00:00,42809.28015605265,32363.094823207924,273405.87047203805,79043.70099865737,-0.09445078541301517,0.06359092577869052,0.5228456293646271,0.09467029276438452,-0.07701885246509002,0.07126110474653582,-4.75186418684907,0.18880716769241113,7.461642580841784,6.325601604055684,0.0022408960711324203,-0.08350572954259,-0.7522097266392642,-0.15173229390094986,-0.11263278217639405,0.00634254388875383,-0.7060507338084989,4.210836560721064,-0.1919140316617917,0.2457107127965853
2023-03-19 03:00:00,30005.78285329922,30052.57058595421,266901.42094144743,78994.82057675302,-0.20956684613320542,0.06097735704234442,0.5307442182733206,-0.06924742443773413,-0.17960590535110654,0.05205540672194417,-4.525109266311707,0.3101911137549328,8.27828647653831,7.001742406601133,-0.08979287397054783,-0.049183171059076616,-0.7182297229885407,-0.042129878628311586,0.6233301882318618,-0.014194992512760412,-0.6872133067282952,4.827262082403454,-0.2244100668303343,0.2756055364433615
2023-03-19 06:00:00,27295.51813950017,31453.089444836394,286869.80253784626,78737.08916038174,-0.07880626641895964,0.06135961168464673,0.4758727726473937,0.0922473348972074,-0.042617342333808914,0.07314895350675094,-5.428002897410236,0.29210699438305293,9.075355586903372,7.402459375831715,-0.02214766970750226,0.09457714328785362,-0.2558089200627994,0.08861430309685384,0.5531969879429326,-0.016592431794325187,-0.23063823246330345,5.584133379124735,0.04635307280266357,0.07492601157280815
2023-03-19 09:00:00,24480.310179942753,31966.639532846253,278850.4758810148,78636.42404999559,-0.001936310000388546,0.06717359647140517,0.5363688122668246,0.1701225514649455,0.009863888940933709,0.06504412791979124,-5.594037841361143,0.32244089513078056,7.370423102624275,6.011904233576871,0.019919486894282037,0.14067873681768175,0.0725117390599019,0.1946189487371398,-0.4993585119981408,0.005591624374915059,0.1278851365899848,4.560246827096566,0.2325237758108889,0.04939699004601361
2023-03-19 12:00:00,28861.771703194052,35656.858737558614,276083.6586786864,78857.86824687991,-0.11335577970794192,0.05594349835180127,0.5061846933321923,-0.01788320665975141,0.012434122809565504,0.019619055490127994,-5.513823001183644,0.4213217964181034,7.139954214022459,5.324505538282704,-0.09124962975038281,0.0010024327834117254,0.19651173129007526,0.21730912225833215,-0.5915679608086659,0.10690682820289213,0.12666532712436912,4.529426126750727,0.1238633617566515,0.2096529317767324
2023-03-19 15:00:00,28724.96357580838,36660.51657362623,266072.6079275476,80945.61153917806,-0.028646068513188738,0.0814050418657291,0.4695650900116195,0.11395307845739212,0.09385740273827882,-0.01587979751387668,-5.547853829825206,0.25828547703267013,7.611557722431037,5.759079929389838,-0.009933037302832022,-0.1560559457321661,0.2544917702227531,0.005605269302091916,1.6465219749337228,0.5968606131754172,0.21339334083701467,6.753456783260498,0.05403310340763162,0.6941871476969744
2023-03-19 18:00:00,34358.79394000552,35777.9325544838,311648.53333725483,91750.05749146892,0.09623188113197328,0.08764873049818189,0.5112737412426646,0.14491444066530978,0.2516240391705993,-0.04579407660208565,-7.1226476013226145,0.17319386557544653,7.758281276044782,4.475459216927017,0.022779795140641008,-0.11548790925965624,0.5933316643197795,-0.019225339703898836,1.8832421707886182,0.5447585165894775,0.5255882367793354,8.398384149736595,0.0838344470653147,0.7379239515913858
2023-03-19 21:00:00,41540.927525115614,36245.24923602201,306750.63881658175,92712.39549751078,0.0427212790331075,0.09288333105845747,0.5011918677926125,0.12101812870741947,0.39153398398758466,-0.06567015180267816,-6.727634609574639,0.11167406177830283,5.854805904691929,3.434530178029282,0.07596599909790411,0.37631099164253423,0.6650123689916755,0.04327006310539016,-0.4535087519141746,0.08910537092980154,0.4090829950956558,5.730212710834744,0.1370750125570303,0.3576050482366917
